username,content,date
cnnbrk,"Suspected foreign hackers have targeted sensitive data at multiple US defense contractors, a security company tells CNN
https://t.co/3vSFJn2IFo",2021-11-08 01:12:14+00:00
cnnbrk,"A missing girl from North Carolina was rescued after she signaled for help using a hand gesture she learned on TikTok, police say. A motorist recognized the gesture and called police.
https://t.co/r27x0jjXhO",2021-11-07 22:08:08+00:00
cnnbrk,"Marvel's ""Eternals,"" widely panned by critics, earns $71 million in its domestic debut -- the fourth-highest opening of the pandemic era
https://t.co/LR837qpifm",2021-11-07 18:56:07+00:00
cnnbrk,"Albert Korir of Kenya wins the men's race in the New York City Marathon. Peres Jepchirchir, also of Kenya, won the women's competition.
https://t.co/qzPsW5Oxdo",2021-11-07 17:08:15+00:00
cnnbrk,"British vocalist and founding member of UB40 Terence Wilson, better known by his stage name Astro, has died after a short illness https://t.co/o2i4uPwzwj",2021-11-07 09:16:07+00:00
cnnbrk,"A federal court temporarily blocks President Biden's mandate that could require workers at some companies to be vaccinated against Covid-19
https://t.co/y1d1wBt892",2021-11-06 20:38:21+00:00
cnnbrk,"Prevea Health and spokesman Aaron Rodgers are ending their partnership after the NFL star said he's unvaccinated against Covid-19
https://t.co/FkzFLkRnh3",2021-11-06 19:21:14+00:00
cnnbrk,"Houston officials set up a hotline for those who haven't been able to reach attendees of Astroworld Festival, where at least eight people died. Follow live updates.
https://t.co/5RwBSHJHAq",2021-11-06 12:38:32+00:00
cnnbrk,At least 84 people died after a fuel tanker exploded in a suburb of Sierra Leone's capital https://t.co/06MikhvUyO,2021-11-06 07:28:11+00:00
cnnbrk,"At least eight people have died and many others were injured at the Houston-area Astroworld music festival, local authorities say https://t.co/nOpEPBO2LN",2021-11-06 07:16:34+00:00
cnnbrk,"In a big win for President Biden's agenda, the House finally passed the infrastructure bill after months of messy negotiations
https://t.co/8HN2B3EhWx",2021-11-06 03:32:42+00:00
cnnbrk,"Brazilian country music star Marília Mendonça died in a plane crash in a rural region of Minas Gerais, according to her PR firm
https://t.co/y48vKR8bWK",2021-11-06 00:26:17+00:00
cnnbrk,"Rapper Fetty Wap, who was arrested on a drug trafficking charge last week, is being released from custody on $500,000 bond
https://t.co/1n6LNF3eIG",2021-11-05 22:47:07+00:00
cnnbrk,"Former New York Gov. Andrew Cuomo's arraignment on a count of forcible touching has been postponed following a request from the Albany district attorney
https://t.co/OZTDaOiWys",2021-11-05 20:53:32+00:00
cnnbrk,"Republican Ed Durr will defeat Democratic state Sen. Steve Sweeney, the Senate president, in New Jersey's state Senate district 3, CNN projects
https://t.co/Nha3D1sQhr",2021-11-05 19:22:55+00:00
cnnbrk,"The US economy added 531,000 jobs in October, signaling a strong rebound from a disappointing summer
https://t.co/nKazC2MtJF",2021-11-05 12:36:56+00:00
cnnbrk,Pfizer says its experimental pill designed to fight Covid-19 reduced the risk of hospitalization and death for high-risk patients by about 89% https://t.co/0g59naHpY4,2021-11-05 10:52:33+00:00
cnnbrk,"LGBTQ advocates filed a federal lawsuit seeking to overturn Tennessee's anti-trans sports ban, which they say violates the constitutional rights of a trans high school athlete
https://t.co/cGrP8RGMd4",2021-11-05 00:59:59+00:00
cnnbrk,"Democrats will lose full control of Virginia's House of Delegates, CNN projects, another blow to the party after Republicans swept top offices
https://t.co/QOkAHK6w8u",2021-11-05 00:20:20+00:00
cnnbrk,"A hotel in Mexico popular with American tourists descended into chaos during a deadly confrontation between drug dealers on a nearby beach, authorities said
https://t.co/29DtGineMA",2021-11-04 23:17:41+00:00
cnnbrk,"The Justice Department is suing Texas over new voting restrictions the federal government says will disenfranchise eligible voters
https://t.co/b8EpSwTJ0w",2021-11-04 21:05:09+00:00
cnnbrk,"A Texas real estate agent who previously claimed she was ""definitely not going to jail"" for storming the US Capitol on Jan. 6 was sentenced to 60 days behind bars
https://t.co/kLX46njtVp",2021-11-04 19:13:18+00:00
cnnbrk,"A 16-year-old Georgia student who was shot in the head while waiting for a school bus has died, police said
https://t.co/oPSeXeejs5",2021-11-04 18:41:33+00:00
cnnbrk,"An analyst who was a source for the infamous Trump dossier has been arrested as part of the probe into the origins of the FBI's Russia investigation
https://t.co/LZIoQerLMg",2021-11-04 15:55:59+00:00
cnnbrk,"A juror was dismissed in Kyle Rittenhouse's trial after making a joke to a deputy about Jacob Blake, a Black man who was shot by Kenosha police
https://t.co/FVXBLmok3B",2021-11-04 15:43:55+00:00
cnnbrk,"Democratic Sen. Joe Manchin objects to House Speaker Nancy Pelosi's decision to add paid family and medical leave back into Biden's $1.75T economic package
https://t.co/YtG5wnLRot",2021-11-04 14:28:46+00:00
cnnbrk,"Biden administration announces new vaccine rules for large employers, certain health care workers and federal contractors will take effect January 4
https://t.co/ySgR3tjid1",2021-11-04 12:49:25+00:00
cnnbrk,Police in Western Australia have charged a man in relation to the kidnapping of 4-year-old Cleo Smith https://t.co/hSPUheP1Oo,2021-11-04 09:22:28+00:00
cnnbrk,Suspect in kidnapping of 4-year-old Australian girl sent to hospital after self-harming in police custody https://t.co/8tgv4PqPR8,2021-11-04 06:56:04+00:00
cnnbrk,Only one Black juror was selected for the racially-charged trial involving three White men accused of killing 25-year-old Ahmaud Arbery https://t.co/g4kAcq9SmN,2021-11-03 23:19:00+00:00
cnnbrk,The Fed is hitting the brakes on its bond buying program as it begins to scale back economic support it provided throughout the pandemic https://t.co/NvHRNsjJps,2021-11-03 18:38:43+00:00
cnnbrk,"A Manhattan federal judge says Prince Andrew could go to trial in the civil sexual abuse lawsuit filed against him by next fall
https://t.co/6BdOUVe8vn",2021-11-03 17:01:42+00:00
cnnbrk,"Supreme Court seems poised to strike down a New York law that restricts carrying concealed handguns outside the home for self-defense
https://t.co/PFidkas48h",2021-11-03 16:44:20+00:00
cnnbrk,"The Department of Homeland Security rescinds a Trump-era policy limiting entry of undocumented immigrants at legal ports of entry
https://t.co/DoipfpAb4R",2021-11-03 13:07:45+00:00
cnnbrk,"Ronnie Wilson, who formed the R&amp;B group The Gap Band with his brothers, dies at 73
https://t.co/m1ALa4Dt0y",2021-11-03 11:28:46+00:00
cnnbrk,Las Vegas Raiders release wide receiver Henry Ruggs III following his arrest on charges of DUI and reckless driving https://t.co/f0JllgTF76,2021-11-03 04:32:25+00:00
cnnbrk,"Atlanta Braves win the World Series, clinching the title for the first time in 26 years https://t.co/dBHCaeHbGJ",2021-11-03 03:36:13+00:00
cnnbrk,CNN PROJECTION: Minneapolis voters decide to keep the city’s police department intact after protests against George Floyd’s killing last year https://t.co/SFtrEyxfrK,2021-11-03 02:12:21+00:00
cnnbrk,"CNN PROJECTION: Ed Gainey will become mayor of Pittsburgh, making him the first Black mayor in the city’s history 
https://t.co/SvOYnHHpIE",2021-11-03 01:56:01+00:00
cnnbrk,"CNN PROJECTION: Democrat and retired NYPD captain Eric Adams will be the next mayor of New York City, succeeding Bill de Blasio. He will be the second Black mayor in New York’s history
https://t.co/bUnvyH2jT6",2021-11-03 01:33:43+00:00
cnnbrk,"CDC director signs off on child doses of Pfizer's Covid-19 vaccine, allowing millions of kids ages 5 to 11 to receive their shots now
https://t.co/ENz8BbxB3h",2021-11-03 00:05:43+00:00
cnnbrk,"Vaccine advisers to the CDC vote unanimously to recommend giving Pfizer's Covid-19 vaccine to children ages 5 to 11
https://t.co/m2XghTtDU7",2021-11-02 21:17:51+00:00
cnnbrk,"Facebook says it plans to stop using its facial-recognition software and delete the data that's been gathered from over 1 billion users
https://t.co/cq18i6ic4F",2021-11-02 18:13:09+00:00
cnnbrk,"The Justice Department sues to block Penguin Random House's proposed acquisition of Simon &amp; Schuster, citing its potential harm to authors
https://t.co/pXacT8rEsi",2021-11-02 17:26:22+00:00
cnnbrk,"Vaccinated Amazon workers will no longer have to wear masks in the warehouse unless required by federal, state or local law
https://t.co/ewgWJbkV3l",2021-11-02 14:45:52+00:00
cnnbrk,"Yahoo says it's shutting down access to its services in China, citing the country's ""increasingly challenging business and legal environment"" 
https://t.co/Iu8KEYTUqL",2021-11-02 12:21:12+00:00
cnnbrk,"Two blasts have been heard near a military hospital in Kabul, an Afghan Interior Ministry spokesman said in a tweet Tuesday https://t.co/nOdl7Nigmn",2021-11-02 09:55:12+00:00
cnnbrk,The Biden administration proposes new rules to slash planet-warming methane emissions as the President attends the UN climate summit in Glasgow https://t.co/7IJPCJDNzF,2021-11-02 05:32:24+00:00
cnnbrk,"President Joe Biden apologized to world leaders at the COP26 summit for actions taken by the Trump administration in pulling out of the Paris Climate Accord
https://t.co/1oqcstqwVB",2021-11-01 16:13:12+00:00
cnnbrk,"People are feared to be trapped after a 21-story building collapsed in Lagos, Nigeria
https://t.co/MGebP750MA",2021-11-01 15:25:19+00:00
cnnbrk,"President Joe Biden urged swift action to combat the climate crisis on the first day of the pivotal COP26 climate summit in Glasgow, telling fellow world leaders there remains only a ""brief window"" to take action
https://t.co/1rsQgjAGX9",2021-11-01 15:16:52+00:00
cnnbrk,"A US government rule for private businesses with 100 or more employees to vaccinate them or do weekly tests will go on the books within days
https://t.co/gduIi3ImEJ",2021-11-01 14:55:25+00:00
cnnbrk,"American Airlines cancels another 250 flights, continuing a days-long chain reaction that grounded more than 2,000 flights
https://t.co/e1irsKiLOE",2021-11-01 12:58:22+00:00
cnnbrk,Barclays CEO Jes Staley steps down after investigation into links with convicted sex offender Jeffrey Epstein https://t.co/angzG2uDWm,2021-11-01 08:29:02+00:00
cnnbrk,"A ""number of people"" have been injured in a train collision near Salisbury, England, police say. No one has been reported dead.
https://t.co/bR8DeXrSOo",2021-10-31 23:19:52+00:00
cnnbrk,"White House press secretary Jen Psaki has tested positive for Covid-19. She says she last saw President Biden on Tuesday outside while masked.
https://t.co/pIdL0gndPb",2021-10-31 21:53:01+00:00
cnnbrk,"At least 17 people have been injured in Tokyo after a man wielding a knife started a fire on a moving train, NHK reports
https://t.co/kpMKUi7w1U https://t.co/5xAk76We4y",2021-10-31 20:50:03+00:00
cnnbrk,"Jerry Remy, the beloved longtime Boston Red Sox broadcaster and former MLB player, has died after a lengthy battle with cancer, the team says. He was 68.
https://t.co/ELYR16DgsD",2021-10-31 18:46:24+00:00
cnnbrk,"One person was killed when a Czech cable car cabin became detached from its cable
https://t.co/ZfJEMsbTwB",2021-10-31 17:40:43+00:00
cnnbrk,"A man has been arrested by police after brandishing a knife and starting a fire on a moving train in Tokyo, according to NHK reports. At least 8 people were injured.
https://t.co/UIeuXTyv6w https://t.co/wN2zVngRhP",2021-10-31 14:10:33+00:00
cnnbrk,"American Airlines cancels more than 600 flights today due to weather and staffing issues. Over 1,500 flights have been canceled since Friday.
https://t.co/n79ZJ9wABB",2021-10-31 13:03:34+00:00
cnnbrk,"American Airlines cancels hundreds of flights this weekend, citing bad weather earlier in the week and staffing shortages
https://t.co/88z8ZoOxh6",2021-10-30 22:11:55+00:00
cnnbrk,"The Biden administration and the EU reached an agreement on easing Trump-era sanctions on aluminum and steel, officials announced
https://t.co/jwiVi3LQDB",2021-10-30 20:32:04+00:00
cnnbrk,"John Deere and the UAW reach a tentative agreement more than two weeks after 10,000 workers went on strike, both sides say
https://t.co/1649YEIoHg",2021-10-30 18:16:40+00:00
cnnbrk,"Three people were killed and one person was injured when an Amtrak train struck a vehicle at a railroad crossing in South Carolina, fire officials say
https://t.co/M6vWIwIAY1",2021-10-30 17:21:19+00:00
cnnbrk,"House Democratic leaders want a vote as soon as Tuesday for the $1.2 trillion infrastructure bill and $1.75 trillion economic plan, sources say
https://t.co/nbyfcTfQE8",2021-10-30 16:35:09+00:00
cnnbrk,"Hundreds of thousands of people are demonstrating across Sudan, in the largest protests yet against this week's coup
https://t.co/HjZMGG2dPK",2021-10-30 15:55:28+00:00
cnnbrk,"As many as 10,000 people — including climate activists and people who lost their jobs due to globalization — are expected to protest in Rome today during the G20 summit
https://t.co/8FRdeyBwRF",2021-10-30 15:08:49+00:00
cnnbrk,"The US Supreme Court denied a request to block a Maine rule that requires health care workers to be vaccinated against Covid-19
https://t.co/CRCQpwadxI",2021-10-29 22:03:37+00:00
cnnbrk,The FDA authorizes Pfizer's Covid-19 vaccine for emergency use in children ages 5 through 11 https://t.co/k3n3rXJ4XI,2021-10-29 19:27:26+00:00
cnnbrk,"New York Attorney General Letitia James entered the race for governor, kicking off a Democratic primary clash that will immediately pit the progressive favorite against moderate Gov. Kathy Hochul
https://t.co/gXatO2CJKA",2021-10-29 18:05:23+00:00
cnnbrk,"Queen Elizabeth II advised by doctors to rest for at least another two weeks, Buckingham Palace says
https://t.co/eEPXS6KaX7",2021-10-29 17:03:49+00:00
cnnbrk,"Ahead of a closely watched meeting with his French counterpart, President Biden said the US was ""clumsy"" in its handling of a deal with Australia that deprived France of billions in defense contracts.
https://t.co/bSMXULzzo9",2021-10-29 16:28:23+00:00
cnnbrk,"Illinois Rep. Adam Kinzinger, a fierce Trump critic and one of two Republicans on the House January 6 committee, will not seek reelection
https://t.co/2eWqEhvOQ6",2021-10-29 14:33:12+00:00
cnnbrk,"The US Department of Education filed a complaint against Florida for reducing funding for certain school districts amid a battle over mask mandates
https://t.co/lArUTEcBbM",2021-10-29 02:02:28+00:00
cnnbrk,"Former Republican Virginia Gov. A. Linwood Holton Jr. has died at 98, according to a tweet from his son-in-law Sen. Tim Kaine
https://t.co/oGfoOtMkx0",2021-10-29 01:06:18+00:00
cnnbrk,"Florida Gov. Ron DeSantis announced a lawsuit against the Biden administration over the President's order imposing a vaccine mandate on federal contractors
https://t.co/oXRZnIu6xO",2021-10-29 00:28:17+00:00
cnnbrk,"People in Baltimore and Washington, DC could be in for one of the biggest tidal flooding events in two decades, forecasters warn
https://t.co/lexZNk6joR",2021-10-28 23:26:40+00:00
cnnbrk,"The House has delayed the infrastructure vote again, in a blow to Biden's agenda as he heads overseas for G20 meetings
https://t.co/nQuYrFHK7j",2021-10-28 22:33:37+00:00
cnnbrk,"The man who organized a flight that crashed, killing soccer player Emiliano Sala and a pilot in 2019, has been found guilty of endangering the safety of the aircraft
https://t.co/4dEUCZsjnB",2021-10-28 21:24:22+00:00
cnnbrk,"Andrew Cuomo, who resigned as New York's governor after allegations of inappropriate touching, faces sex crime complaint, court spokesman says
https://t.co/q00fljfaFT",2021-10-28 20:33:31+00:00
cnnbrk,"Members of the NYC Fire Department protested the city's looming Covid vaccine mandate as officials brace for mass staffing shortages
https://t.co/Ts2CdqpaJK",2021-10-28 19:27:26+00:00
cnnbrk,"Facebook announces a new corporate name, part of a rebranding and shift in strategy after intense criticism of the social-media platform
https://t.co/GQtw4V1q27",2021-10-28 18:33:35+00:00
cnnbrk,"Families of the nine people killed in the Charleston church massacre reached a settlement with the US government over the shooter's gun purchase
https://t.co/R9P82iff47",2021-10-28 16:09:43+00:00
cnnbrk,Watch live: President Biden addresses the nation after meeting with Democrats over a pared-down version of his $1.75T bill as he tries to save his domestic agenda https://t.co/klrisJ3n7r,2021-10-28 15:39:22+00:00
cnnbrk,"The US economy grew at an annualized rate of 2% in the third quarter, far lower than what economists predicted, as the Delta variant, supply chain chaos, worker shortages and higher prices weighed on activity https://t.co/Er39ezbQop",2021-10-28 12:39:22+00:00
cnnbrk,"President Biden will present the framework of his $1.75T economic and climate package to Democrats as his major domestic agenda hangs in the balance
https://t.co/BHKeCnKISC",2021-10-28 11:38:59+00:00
cnnbrk,"A California school safety officer has been charged with murder after fatally shooting an 18-year-old woman as she tried to flee a physical altercation, authorities said
https://t.co/jeBLU6poZS",2021-10-28 02:16:52+00:00
cnnbrk,"The FDA announced changes including new labeling with a boxed warning and a patient checklist telling people that implants don't last a lifetime
https://t.co/4eNq9uHb8j",2021-10-28 01:07:00+00:00
cnnbrk,"Democrats are expected to scrap paid leave from their economic and climate package, discarding a central plank as they scramble to strike a deal
https://t.co/M5QemTFCKC",2021-10-27 21:09:09+00:00
cnnbrk,"""Rust"" assistant director acknowledged he did not check all the rounds in the gun before the deadly shooting, according to a search warrant affidavit
https://t.co/f8Z03POb2g",2021-10-27 20:11:38+00:00
cnnbrk,"A jury has been selected in the civil trial for organizers of the 2017 ""Unite the Right"" rally in Charlottesville, Virginia, that turned violent.
https://t.co/JdaB5C2sYj",2021-10-27 19:31:05+00:00
cnnbrk,"Iran agrees to renew negotiations with world powers aimed at resurrecting its nuclear deal before the end of November, its top nuclear negotiator says
https://t.co/fsX4TvBLQp",2021-10-27 18:00:30+00:00
cnnbrk,"A sheriff says he suspects more live rounds were recovered on the ""Rust"" movie set where a crew member died, but investigators are awaiting further tests
https://t.co/QssbAnI8lF",2021-10-27 16:50:55+00:00
cnnbrk,"Santa Fe authorities discuss the latest developments in the on-set shooting involving Alec Baldwin that left a crew member dead. Follow live updates.
https://t.co/5E96ayLHEX",2021-10-27 16:04:47+00:00
cnnbrk,"Attorney General Garland defends a DOJ memo responding to threats aimed at school officials, pushing back on pointed criticism from Republicans
https://t.co/i2kelAgLC3",2021-10-27 15:50:23+00:00
cnnbrk,"The State Department issues the first US passport with an ""X"" gender marker as it seeks to implement gender-inclusive policies
https://t.co/yWaixuUmXP",2021-10-27 14:28:32+00:00
cnnbrk,"Mitch McConnell backs former football star Herschel Walker's Senate bid in Georgia after initially holding concerns about the GOP candidate's viability
https://t.co/kekVNFcz6S",2021-10-27 13:15:37+00:00
cnnbrk,"The Braves held an early lead to win Game 1 of the World Series, 6-2 https://t.co/Z1HaZWSzJf",2021-10-27 04:26:57+00:00
cnnbrk,FDA committee votes in favor of granting emergency use authorization for Pfizer's Covid-19 vaccine in children ages 5 to 11 https://t.co/uFL59ihtsD,2021-10-26 20:23:13+00:00
cnnbrk,"President Biden nominates Jessica Rosenworcel to lead the FCC, which would make her the first woman to serve in the role if she's confirmed https://t.co/Yt39inAuaI",2021-10-26 18:51:03+00:00
cnnbrk,"Queen Elizabeth II won't attend a reception at next week's COP26 summit, days after an overnight stay in the hospital
https://t.co/oGnARO2Ql6",2021-10-26 17:44:36+00:00
cnnbrk,"One of the January 6 rioters charged in the assault of DC Police Officer Michael Fanone will be released from jail and put on house arrest at his parents' home as he awaits trial
https://t.co/tbKhFSMNV1",2021-10-26 17:02:54+00:00
cnnbrk,"At least five former Trump administration staffers have voluntarily spoken with the House committee investigating the attack on the US Capitol
https://t.co/VjEgqyBdPB",2021-10-26 16:00:58+00:00
cnnbrk,"A US judge has set a July 14 deadline for Prince Andrew to answer questions under oath in the civil sex assault case against him
https://t.co/o16yVrQg0P",2021-10-26 15:38:59+00:00
cnnbrk,"""Life-threatening"" flash flooding and water rescues are ongoing in New Jersey as a powerful nor'easter rolls through the East Coast. Follow live updates:
https://t.co/dJCGmboA3v",2021-10-26 13:25:44+00:00
cnnbrk,"Two people are dead and one person is in custody after a shooting at an Idaho mall, police say
https://t.co/Gz76huX4ab",2021-10-25 23:14:27+00:00
cnnbrk,"Biden has once again refused to assert executive privilege over more documents that Trump has sought to keep out of the January 6 committee's hands
https://t.co/B5wC2lQZL5",2021-10-25 22:53:32+00:00
cnnbrk,"The Biden administration is expected to name Kim Wyman, a GOP official who refuted Trump's election lies, to key election security role, sources say
https://t.co/NHgpBFpQve",2021-10-25 22:31:04+00:00
cnnbrk,"Six people, including a police officer, were injured when shots were reportedly fired at an Idaho mall, according to the Boise Police Department
https://t.co/konBml5HlZ",2021-10-25 21:40:50+00:00
cnnbrk,"""Rust"" assistant director Dave Halls was fired from previous movie after a gun incident injured a crew member, a film production company tells CNN https://t.co/XuAUhCZPNs",2021-10-25 20:22:34+00:00
cnnbrk,Moderna says interim trial results show its Covid-19 vaccine is well-tolerated and generates a robust immune response in children ages 6 to 11 https://t.co/qeoUZAixoc,2021-10-25 14:07:08+00:00
cnnbrk,"The Russian hackers behind last year's breach of US federal agencies are still attacking America's computer networks, Microsoft says https://t.co/xMVSkT2wWF",2021-10-25 12:08:06+00:00
cnnbrk,"CNN is one of 17 US news organizations reporting on the Facebook Papers, a massive trove of internal documents. Read the entire series here: https://t.co/gOjul8NoLX",2021-10-25 11:27:27+00:00
cnnbrk,Sudan Prime Minister Abdalla Hamdok and his wife have been arrested and taken to an undisclosed location amid reports of an apparent coup https://t.co/GaO6xawp2y,2021-10-25 09:19:01+00:00
cnnbrk,"The home of Sudan's Prime Minister Abdalla Hamdok appears to be surrounded by the military, with top government officials reportedly arrested https://t.co/9uV9WVuCb9",2021-10-25 05:19:25+00:00
cnnbrk,"James Michael Tyler, best known for playing Gunther on ""Friends,"" has died. He was 59.
https://t.co/HoH18PerAK",2021-10-24 23:21:56+00:00
cnnbrk,"A 3.6 magnitude earthquake rattles parts of the Los Angeles metro area, according to United States Geological Survey data 
https://t.co/2BgkZI0tlt",2021-10-24 16:17:36+00:00
cnnbrk,"President Biden will host Sen. Joe Manchin, one of two key holdouts to his sweeping economic and climate package, at his Delaware home today
https://t.co/ygGhanXT51",2021-10-24 13:33:56+00:00
cnnbrk,"Facebook's own analysis reveals how the company failed to halt growth of movement dedicated to 2020 election lie
https://t.co/Yktsy9DaDl",2021-10-23 00:10:59+00:00
cnnbrk,"The US recorded more than 1.65 million southern border arrests over the past year, breaking the previous record set in 2000
https://t.co/ZBPqZZ7dnd",2021-10-22 21:22:21+00:00
cnnbrk,"GOP Rep. Glenn Thompson, who is vaccinated, tests positive for Covid-19 
https://t.co/9cgEkaAmyo",2021-10-22 21:05:14+00:00
cnnbrk,"Rudy Giuliani's former associate Lev Parnas was convicted on all counts related to campaign finance schemes
https://t.co/dLx2uUi6yh",2021-10-22 19:22:16+00:00
cnnbrk,"Peter Scolari, 66, a veteran actor who rose to fame alongside Tom Hanks on ""Bosom Buddies,"" died Friday morning. https://t.co/ttfvDGfc36",2021-10-22 17:20:58+00:00
cnnbrk,The Supreme Court lets Texas' six-week abortion ban stay in place and will hear oral arguments November 1 https://t.co/IdpqHwleO0,2021-10-22 16:51:23+00:00
cnnbrk,Alec Baldwin has broken his silence in the wake of a fatal shooting on the set of his new film. https://t.co/q2ktwh0CR3,2021-10-22 16:06:51+00:00
cnnbrk,"Neera Tanden is named White House staff secretary, months after her nomination to be Biden's budget chief was pulled https://t.co/vq3tq4mx0I",2021-10-22 13:14:43+00:00
cnnbrk,Pfizer says its vaccine is 90.7% effective against symptomatic Covid-19 in children age 5 to 11 https://t.co/jcVEUgcLh7,2021-10-22 12:59:23+00:00
cnnbrk,2 dead after a former employee opens fire at a Nebraska grain services facility https://t.co/qz98WVdTRa,2021-10-22 07:55:28+00:00
cnnbrk,"A crew member has died and another injured following the accidental discharge of a prop firearm by actor Alec Baldwin on the set of the film ""Rust"" https://t.co/mFA81JmhAU",2021-10-22 03:05:53+00:00
cnnbrk,"CDC director endorses recommendations for booster shots for Moderna's and Johnson &amp; Johnson's Covid-19 vaccines, plus the mix-and-match approach
https://t.co/JPPeA7QgRq",2021-10-22 01:04:27+00:00
cnnbrk,"Queen Elizabeth II spent a night at the hospital for ""preliminary investigations"" and returned to Windsor Castle today, a spokesperson says https://t.co/q5Pa4YtaoF",2021-10-21 22:43:03+00:00
cnnbrk,"FBI confirms human remains found at Carlton Reserve in Florida are those of Brian Laundrie
https://t.co/MdTxMGGh7S",2021-10-21 21:51:16+00:00
cnnbrk,"CDC advisers recommend booster doses of Moderna and Johnson &amp; Johnson Covid-19 vaccines
https://t.co/xadX8ZESBC",2021-10-21 21:23:28+00:00
cnnbrk,"Trump ally Steve Bannon held in criminal contempt by House of Representatives for defying a subpoena from the committee investigating the US Capitol riot
https://t.co/jhW71rCn0i",2021-10-21 20:16:20+00:00
cnnbrk,"The leader of the Haitian gang who kidnapped 17 US and Canadian missionaries has threatened to kill the hostages if he doesn't get what he's demanding, according to a video https://t.co/EvdU7RBK1O",2021-10-21 19:16:17+00:00
cnnbrk,"Mohamed Noor, the ex-Minneapolis officer who fatally shot a woman while responding to her 911 call in 2017, is resentenced on a lesser charge after his earlier murder conviction was thrown out by the Minnesota Supreme Court
https://t.co/cIfcxfMiCO",2021-10-21 15:36:40+00:00
cnnbrk,"London man Ali Harbi Ali, 25, is charged with the murder of UK lawmaker David Amess, who was stabbed to death last week https://t.co/Bf7aSk3kdD",2021-10-21 11:58:21+00:00
cnnbrk,"At least one person was killed and 33 injured in a powerful explosion in the northeastern Chinese city of Shenyang, according to local authorities https://t.co/IYkLVudo8g",2021-10-21 03:43:59+00:00
cnnbrk,An Italian DJ claims he suffered a number of injuries following an alleged altercation with MMA fighter Conor McGregor https://t.co/246HfOgMzy,2021-10-21 01:10:27+00:00
cnnbrk,"A drone attack targeted US troops at a US base in Syria, a defense official says. Initial assessment suggests no US injuries.
https://t.co/mwj1cMxCYT",2021-10-20 21:13:51+00:00
cnnbrk,FDA authorizes booster doses of Moderna and J&amp;J Covid vaccines and says a mix-and-match approach to boosters is OK https://t.co/W1yR6mS6Ma,2021-10-20 20:59:17+00:00
cnnbrk,"Apparent human remains were found during today's search for Gabby Petito's fiancé Brian Laundrie, the FBI says https://t.co/Vzhr5VuAft",2021-10-20 20:39:23+00:00
cnnbrk,"Medical examiner called in after items belonging to Brian Laundrie, the missing fiancé of Gabby Petito, found in Florida park
https://t.co/B9r71DMFZx https://t.co/mBW7d9QbpN",2021-10-20 17:05:18+00:00
cnnbrk,"Items belonging to Gabby Petito's fiancé Brian Laundrie have been found at a Florida park, family attorney says
https://t.co/MUPDb7Rnoz",2021-10-20 16:35:05+00:00
cnnbrk,"Parkland shooter Nikolas Cruz pleads guilty to the February 2018 massacre at the South Florida high school that left 17 people dead
https://t.co/LBSigDYdzy",2021-10-20 14:30:22+00:00
cnnbrk,"Rep. Liz Cheney says Steve Bannon's refusal to cooperate with the January 6 panel suggests Trump was ""personally involved"" with the Capitol riot plans
https://t.co/tlLTU1pNEk",2021-10-20 14:29:48+00:00
cnnbrk,"The White House releases its plans to roll out Covid-19 vaccines for children ages 5 to 11, pending FDA authorization https://t.co/pgcPGX8OaW",2021-10-20 11:45:00+00:00
cnnbrk,"Britain's Queen Elizabeth accepts medical advice to rest for a few days, canceling a planned visit to Northern Ireland https://t.co/7AF3qdLMbD",2021-10-20 10:28:57+00:00
cnnbrk,"Biden tells House Democrats that tuition-free community college is expected to be cut from the final version of their economic package, sources say https://t.co/gwjqzE5a5U",2021-10-19 22:16:50+00:00
cnnbrk,"Fox News anchor Neil Cavuto, who has been open over the years about his journey with multiple sclerosis, has tested positive for Covid-19. He is vaccinated. https://t.co/SIatvCg2hV",2021-10-19 21:54:57+00:00
cnnbrk,Famed basketball announcer Dick Vitale announced he has lymphoma and will undergo six months of chemotherapy https://t.co/4g6nlQ7llP,2021-10-19 21:52:18+00:00
cnnbrk,"Homeland Security Secretary Alejandro Mayorkas, who is vaccinated, tests positive for Covid-19 https://t.co/fy3vQNQbYw",2021-10-19 18:58:38+00:00
cnnbrk,"The FBI is conducting ""law enforcement activity"" at the Washington home of Russian oligarch Oleg Deripaska, a close ally of Vladimir Putin https://t.co/i2ObdBHPdR",2021-10-19 17:14:16+00:00
cnnbrk,South Carolina attorney Alex Murdaugh denied bond in case alleging he misappropriated settlement funds in connection with the death of housekeeper https://t.co/5xTrcbhefH,2021-10-19 15:47:03+00:00
cnnbrk,"The powerful Haitian gang that abducted 17 US and Canadian missionaries, including five children, wants $1 million each for their release
https://t.co/7jGvOZO76m",2021-10-19 13:52:23+00:00
cnnbrk,"North Korea has fired at least one ballistic missile from the country's east coast, authorities say
https://t.co/Hx78fKAlcX",2021-10-19 04:02:12+00:00
cnnbrk,"The January 6 committee has released a report that outlines its efforts to get Steve Bannon to comply with its subpoena and his refusal to do so
https://t.co/hGdywLIrrm",2021-10-18 23:53:40+00:00
cnnbrk,"Former President Trump has filed a lawsuit against the January 6 committee and the National Archives to keep records from his presidency secret
https://t.co/twwLI865aY",2021-10-18 20:40:51+00:00
cnnbrk,"The Biden administration is expected to announce that its top envoy for Afghanistan, Zalmay Khalilzad, will step down, sources say
https://t.co/xmUXal7IUv",2021-10-18 19:54:06+00:00
cnnbrk,Democratic Rep. David Price of North Carolina says he will not seek reelection in 2022 https://t.co/9RqJKBz07Y,2021-10-18 16:48:03+00:00
cnnbrk,"Colin Powell, military leader and first Black US secretary of state, has died of Covid-19 https://t.co/t66fH06AlW",2021-10-18 12:04:59+00:00
cnnbrk,"Betty Lynn, best known for playing Barney Fife's girlfriend Thelma Lou on ""The Andy Griffith Show,"" died this weekend. She was 95 years old.
https://t.co/Htn5Kv0YZC",2021-10-18 00:41:00+00:00
cnnbrk,"Chicago Sky defeat Phoenix Mercury to win first WNBA championship in franchise history
https://t.co/5Kx9ZhMHpY https://t.co/PBe3lVemUt",2021-10-17 22:20:42+00:00
cnnbrk,"The Premier League match between Newcastle and Tottenham Hotspur was briefly halted in the first half because of a ""medical issue"" in the crowd, the league said. The fan was stabilized and went to a hospital, Newcastle said.
https://t.co/mhtjN8ZRTj",2021-10-17 19:42:02+00:00
cnnbrk,"Former President Bill Clinton has been released from a California hospital after being treated for an infection that spread to his bloodstream
https://t.co/3AZK43kzAk",2021-10-17 15:29:43+00:00
cnnbrk,"At least one person was killed and several were injured in a shooting this morning during a homecoming event on the campus of Grambling State University in Louisiana. A suspect hasn't been identified.
https://t.co/7C8exIBR9Y",2021-10-17 15:22:28+00:00
cnnbrk,"Transportation Secretary Buttigieg says supply chain issues facing the US will continue into next year
https://t.co/15hjY2hQ2f",2021-10-17 14:35:59+00:00
cnnbrk,"A 13-year-old boy was shot and killed by bullets fired at his home while he was in his bedroom playing on his iPad in Tuscaloosa, Alabama, police say
https://t.co/XTNDFbd7le",2021-10-17 10:37:51+00:00
cnnbrk,"Up to 17 American missionaries — including three children — have been reported kidnapped by gang members in Haiti, source says
https://t.co/VtZs6BCZcj",2021-10-17 10:08:53+00:00
cnnbrk,Workers union IATSE has made a tentative agreement with TV and film producers to avoid a threatened Hollywood walkout https://t.co/ZDqe8OG9PC,2021-10-17 01:45:08+00:00
cnnbrk,"Robert Durst, who days ago was sentenced to life in prison for killing his best friend, has been placed on a ventilator with Covid-19 https://t.co/NcI1bbULQG",2021-10-16 21:37:02+00:00
cnnbrk,"Mötley Crüe singer Vince Neil was injured when he fell off the stage during a solo concert at a Tennessee music festival
https://t.co/xwX0O4KRUl",2021-10-16 20:33:14+00:00
cnnbrk,"Netflix says it fired an employee for sharing 'confidential' information outside of the company about David Chappelle's controversial comedy special
https://t.co/Fk79OdyxpA",2021-10-16 19:39:43+00:00
cnnbrk,"An assistant to the US House Sergeant-At-Arms has been arrested on child pornography charges, court records show
https://t.co/Opde4L5HLZ",2021-10-16 19:03:57+00:00
cnnbrk,"Southern California's Alisal Fire, which closed parts of US Highway 101 and the Union Pacific Railroad, is now 50% contained, fire officials said
https://t.co/u9b7leDiCl",2021-10-16 18:20:46+00:00
cnnbrk,"The vehicle belonging to a woman who went missing with her two children nearly 20 years ago has been recovered from the Ohio River, police say
https://t.co/N287mNUyF8",2021-10-16 17:29:55+00:00
cnnbrk,"The driver of a semi truck that plowed into traffic along Interstate 70 near Denver, killing 4 people, has been convicted of vehicular homicide
https://t.co/nh91JsXTYm",2021-10-16 14:16:16+00:00
cnnbrk,"Human remains found last month in Iowa have been positively identified as missing 11-year-old Xavior Harrelson
https://t.co/jQPgE4fcFg",2021-10-16 13:15:00+00:00
cnnbrk,"A Texas deputy was killed and two others wounded when they were shot from behind outside a bar in Houston, authorities said 
https://t.co/gUpuHrrbSp",2021-10-16 11:00:12+00:00
cnnbrk,A previous tweet misrepresented the way in which Wang Yaping made history and it has been deleted,2021-10-16 01:27:10+00:00
cnnbrk,China's three-person crew has arrived at its new space station https://t.co/VwTQMot4xh,2021-10-16 01:26:47+00:00
cnnbrk,"The cornerstone climate measure of Democrats' massive spending package will likely be dropped after pushback from Sen. Manchin, three sources say
https://t.co/BnyLuYml4v",2021-10-16 00:01:25+00:00
cnnbrk,"The fatal stabbing of British lawmaker David Amess has been declared a terrorist incident by UK police
https://t.co/y7Mwml8dDo",2021-10-15 23:47:20+00:00
cnnbrk,"President Biden says the Justice Department should prosecute people who defy the January 6 committee's congressional subpoenas
https://t.co/H1y9NImn0r",2021-10-15 23:11:57+00:00
cnnbrk,"A man who was shot during protests last year in Kenosha, Wisconsin, is suing the city, the county and many of its officers
https://t.co/IyZC5PwlZ6",2021-10-15 19:08:29+00:00
cnnbrk,"Alex Murdaugh waived an extradition hearing in Florida and is expected to return to South Carolina to face charges related to the misappropriation of settlement funds in connection with the 2018 death of his family's housekeeper
https://t.co/mvWGB1NfEa",2021-10-15 18:25:15+00:00
cnnbrk,"Counterterrorism officers will lead the investigation into the stabbing death of British Member of Parliament David Amess, police say
https://t.co/CWMX4qediX https://t.co/b7fIPgatJX",2021-10-15 18:19:25+00:00
cnnbrk,"FDA advisers vote unanimously to recommend booster doses of Johnson &amp; Johnson's Covid-19 vaccine
https://t.co/rIve0F4GRJ",2021-10-15 17:40:23+00:00
cnnbrk,"China successfully launches a three-person crew for a 6-month mission at its new space station, a major milestone for the burgeoning space program
https://t.co/anQ0pYOYSf",2021-10-15 16:41:28+00:00
cnnbrk,"A US Capitol Police officer was indicted on obstruction charges in connection to the January 6 insurrection
https://t.co/RX82Zh1JNM",2021-10-15 16:33:00+00:00
cnnbrk,"The Justice Department says it will ask the Supreme Court to block Texas' 6-week abortion ban while legal challenges play out
https://t.co/oyoLsP2lNb",2021-10-15 16:20:40+00:00
cnnbrk,"Nikolas Cruz intends to plead guilty to the charges stemming from the deadly 2018 school shooting in Parkland, Florida, his attorney said
https://t.co/HF7WkGKzHc",2021-10-15 15:58:27+00:00
cnnbrk,"The killing of Member of Parliament Sir David Amess today was the second killing of a sitting British lawmaker in five years. Labour MP Jo Cox was killed in her constituency in 2016.
https://t.co/3seGY5ZYz0 https://t.co/56DvF2tE6z",2021-10-15 15:36:40+00:00
cnnbrk,"A US Capitol Police officer was attacked by a woman carrying a baseball bat, the department says
https://t.co/qrSVy0ERlU",2021-10-15 15:03:04+00:00
cnnbrk,"British Conservative lawmaker David Amess has died after being stabbed multiple times at a constituency meeting, UK media report
https://t.co/A7SRHE0Pmn",2021-10-15 14:11:09+00:00
cnnbrk,"A man has been arrested after a stabbing where a British Conservative party lawmaker was meeting constituents, police say
https://t.co/wLH2xX1t6T",2021-10-15 13:16:09+00:00
cnnbrk,"The US will allow in fully vaccinated foreign visitors beginning November 8, the White House said
https://t.co/57x1ozqj2p",2021-10-15 13:07:08+00:00
cnnbrk,"The suspect in a deadly bow-and-arrow attack in Norway has been charged with five counts of murder, police said
https://t.co/Qu42HLhS9c",2021-10-15 13:00:28+00:00
cnnbrk,"Virgin Galactic's stock plunged more than 20% after the space tourism company said it would delay its full commercial service
https://t.co/mkYcm3aNqf",2021-10-15 12:27:09+00:00
cnnbrk,"At least 16 people were killed and dozens more injured in an explosion at a Shia mosque during Friday prayers in Kandahar, Afghanistan, a doctor says
https://t.co/Oeo3EVT6Sd",2021-10-15 11:04:43+00:00
cnnbrk,Real estate heir Robert Durst has been sentenced to life in prison without parole for killing Susan Berman https://t.co/1C1El1vvcC,2021-10-14 22:09:52+00:00
cnnbrk,"FDA vaccine advisers vote unanimously to recommend emergency authorization of a booster dose of Moderna's Covid-19 vaccine
https://t.co/eeNW7mZbYV",2021-10-14 19:25:42+00:00
cnnbrk,"January 6 panel moves to hold Steve Bannon in criminal contempt
https://t.co/nCUOc6kL5J",2021-10-14 17:46:16+00:00
cnnbrk,"White House vetting former FDA Commissioner Dr. Rob Califf to once again lead agency
https://t.co/Y1x2qOiCYm",2021-10-14 17:20:23+00:00
cnnbrk,"Gary Paulsen, author of young adult novel 'Hatchet,' dies at age 82
https://t.co/fd8UQh1zAK",2021-10-14 16:22:39+00:00
cnnbrk,"Alex Murdaugh, a scandal-plagued ex-South Carolina lawyer, has been taken into custody on two felony counts of obtaining property by false pretenses
https://t.co/SnvaglSFHf",2021-10-14 15:39:08+00:00
cnnbrk,"Alex Murdaugh taken into custody in Florida
https://t.co/4ucs5OTgSt",2021-10-14 15:22:52+00:00
cnnbrk,"President Biden and first lady Jill Biden will meet with Pope Francis during a trip to Rome later this month for the G20 conference, White House says
https://t.co/Yjit1SZYpu",2021-10-14 14:46:35+00:00
cnnbrk,"Police in Norway identify suspect in deadly Kongsberg bow-and-arrow attack as 37-year-old Espen Andersen Bråthen 
https://t.co/t3QkCpwmrG",2021-10-14 14:34:26+00:00
cnnbrk,"Pakistan International Airlines suspends flights to Afghanistan, citing unworkable conditions imposed by the Taliban
https://t.co/A9nGSvnLYq",2021-10-14 13:35:15+00:00
cnnbrk,"A bow-and-arrow attack that left five people dead in the town of Kongsberg is being investigated as an act of terror, Norwegian authorities say
https://t.co/7BHWThbYNn",2021-10-14 12:55:33+00:00
cnnbrk,"At least three people are dead and several injured after heavy gunfire broke out at a protest in Beirut
https://t.co/DoAInrTP3Z",2021-10-14 10:42:54+00:00
cnnbrk,At least one person has died and several have been injured as heavy gunfire breaks out at a demonstration in Beirut https://t.co/HRgnvsTaia,2021-10-14 09:36:56+00:00
cnnbrk,"At least 46 people died and dozens were injured after a major fire broke out in a building in southern Taiwan on Thursday, authorities said https://t.co/SVRsRuj3vk",2021-10-14 09:10:51+00:00
cnnbrk,Police in Norway say they had previously been in contact with the bow-and-arrow attack suspect over radicalization concerns https://t.co/vb5pwA8HA5,2021-10-14 08:41:23+00:00
cnnbrk,"A 37-year-old Danish man has been arrested and charged in connection with a bow and arrow attack in Norway that killed five people
https://t.co/oxHY9n6RFM",2021-10-14 02:12:12+00:00
cnnbrk,"White House formally rejects Trump's request to shield specific documents from January 6 investigators and sets aggressive timeline for their release
https://t.co/h2q3ANqPtP",2021-10-13 22:41:05+00:00
cnnbrk,"""Star Trek"" actor William Shatner, 90, boldly goes where no one his age has gone before after a brief space flight
https://t.co/Z38hezLwAD https://t.co/DzH7sgvdvb",2021-10-13 15:17:04+00:00
cnnbrk,"""Star Trek"" star William Shatner and three others launch into space on the same rocket Amazon founder Jeff Bezos took this summer. Follow live updates:
https://t.co/6WvR9c9zwW",2021-10-13 14:54:19+00:00
cnnbrk,"Social Security recipients will see monthly checks soar, but rising prices due to inflation will likely offset the benefit
https://t.co/ihFGH2RNur",2021-10-13 13:46:31+00:00
cnnbrk,"The United States plans to ease restrictions on travel for fully vaccinated visitors from Canada and Mexico starting in early November, relaxing bans that have been in place for more than 18 months https://t.co/8pjRULtjYR",2021-10-13 03:47:26+00:00
cnnbrk,"OSHA submits vaccine rule to the Office of Management and Budget, bringing the emergency standard that would affect private companies with 100 or more employees a step closer to taking effect https://t.co/QKA53PHQnD",2021-10-13 00:20:48+00:00
cnnbrk,"The House passes a temporary fix to avoid a default on US debts, pushing the issue into December. Biden is expected to sign the bill. https://t.co/4uJhXvVv8s",2021-10-12 23:32:22+00:00
cnnbrk,"Gabby Petito's cause of death was strangulation, coroner says https://t.co/7Mu6oexbqD",2021-10-12 18:42:19+00:00
cnnbrk,"Brooklyn Nets announce NBA star Kyrie Irving won't be allowed to play or practice with the team until he's vaccinated against Covid-19
https://t.co/EVixrP0h9i",2021-10-12 15:30:19+00:00
cnnbrk,US task force proposes adults 60 and older should not start taking daily aspirin to prevent heart disease or stroke https://t.co/m0efevdGY3,2021-10-12 15:22:49+00:00
cnnbrk,"The IMF slashes its US growth forecast as disruptions to supply chains and a resurgent Covid-19 pandemic slow economic momentum around the world
https://t.co/hlrPGREptp",2021-10-12 13:13:11+00:00
cnnbrk,"Jon Gruden resigns as Las Vegas Raiders coach after reports he used racist, homophobic and misogynistic language in emails while working at ESPN
https://t.co/zdt6Ykk9tL",2021-10-12 02:13:21+00:00
cnnbrk,"Texas Gov. Greg Abbott has issued an executive order banning all state entities, including private employers, from enforcing Covid vaccine mandates
https://t.co/FjcIYSxF6T",2021-10-12 00:53:42+00:00
cnnbrk,"At least two people are dead in the Southern California city of Santee after a twin-engine plane crashed into a neighborhood
https://t.co/V1re9l1AVI",2021-10-11 22:09:14+00:00
cnnbrk,"The price of crude oil settled above $80 a barrel for the first time in seven years. Just 18 months ago, it was negative $40.
https://t.co/XkQpxAcl3X https://t.co/qRdgvJ5Le4",2021-10-11 19:00:24+00:00
cnnbrk,"Lava flowing from the volcano on Spain's La Palma island sparked a fire at a factory, which forced more than 2,500 residents into lockdown, an official says
https://t.co/ObvbcOJTGm",2021-10-11 18:25:37+00:00
cnnbrk,"Iraqi forces capture ISIS finance chief Sami Jasim, the deputy of former ISIS leader Abu Bakr al-Baghdadi, Iraq's Prime Minister says 
https://t.co/HxD2bXgvVx",2021-10-11 17:42:19+00:00
cnnbrk,"Nedumudi Venu, a renowned actor in the South Indian film industry particularly in Malayalam cinema, dies at 73
https://t.co/YnFVaHyYcz",2021-10-11 16:04:14+00:00
cnnbrk,"Alexander Schallenberg is sworn in as Austria's new chancellor after his predecessor, Sebastian Kurz, resigned abruptly over a corruption scandal
https://t.co/PAxCYegZGc",2021-10-11 12:37:38+00:00
cnnbrk,"Merck seeks FDA emergency use authorization for molnupiravir, an experimental antiviral pill to treat Covid-19
https://t.co/TMElQnZkom",2021-10-11 10:27:28+00:00
cnnbrk,JUST IN: The Nobel Prize in economics has been split between three economic scientists for contributions to labor economics and the analysis of cause and effect https://t.co/tQzdfimeRk,2021-10-11 10:08:50+00:00
cnnbrk,"Police in St. Paul, Minnesota, are searching for multiple suspects after a woman was killed and 14 others were injured in an overnight bar shooting
https://t.co/OoBv9lYKnu",2021-10-10 15:28:11+00:00
cnnbrk,"Czech President Miloš Zeman has been taken to the hospital shortly after speaking with the country's populist prime minister whose leadership hangs in the balance following a tight election
https://t.co/Td0C3eUmYq",2021-10-10 12:55:41+00:00
cnnbrk,"Abdul Qadeer Khan, the father of Pakistan's nuclear weapons program who later sold nuclear technology to North Korea and Iran, dies at 85, according to the country's Ministry of Information
https://t.co/tdV4WJh0u7",2021-10-10 11:28:04+00:00
cnnbrk,"Austria's chancellor, Sebastian Kurz, has resigned in a televised speech following corruption allegations
https://t.co/xTNXEjwdbu",2021-10-09 18:54:03+00:00
cnnbrk,"Czechs are set for a new leader, as opposition groups are on track to win parliamentary majority, ousting populist PM Andrej Babiš's ANO party, with 98.84% of votes counted
https://t.co/VYm4lHdgLh",2021-10-09 17:09:49+00:00
cnnbrk,"Texas' AG has asked an appeals court to restore the state's six-week abortion ban while a federal judge's ruling blocking the new law is appealed
https://t.co/6HHBF9rUfR",2021-10-08 21:14:58+00:00
cnnbrk,"Just days after several of its major services went down for about six hours, Facebook is suffering another outage
https://t.co/i4igNkDqGa",2021-10-08 20:05:33+00:00
cnnbrk,"The White House has informed the National Archives it will not assert executive privilege on behalf of Trump in the Jan. 6 investigation
https://t.co/i80OJmgGYN",2021-10-08 18:43:42+00:00
cnnbrk,"A group of 136 countries have agreed to a treaty that would tax large multinational companies at a minimum rate of 15% 
https://t.co/Mc42FdJcAJ",2021-10-08 17:50:35+00:00
cnnbrk,"Two people are dead and a suspect is in custody after a shooting at a senior living facility in Prince George's County, Maryland
https://t.co/LmhWMR5dZC",2021-10-08 15:39:06+00:00
cnnbrk,"The US added only 194,000 jobs in September, another troubling sign that Covid is disrupting the economy. The unemployment rate fell to 4.8 percent. https://t.co/S6SmiRshWu",2021-10-08 12:36:55+00:00
cnnbrk,"A blast targeted a Shia mosque in Afghanistan, causing casualties, a Taliban spokesman says. No group has claimed responsibility for the attack yet. https://t.co/Wv8aD26g6l https://t.co/Hs2ZoYKzDH",2021-10-08 12:24:32+00:00
cnnbrk,Journalists Maria Ressa and Dmitry Muratov take the 2021 Nobel Peace Prize for efforts to defend freedom of expression in the Philippines and Russia https://t.co/3NXBJWBhF7,2021-10-08 09:10:16+00:00
cnnbrk,"Tesla is relocating its headquarters out of California to Austin, Texas, Elon Musk says https://t.co/O1kN7u1ucz",2021-10-08 01:00:17+00:00
cnnbrk,At least 33 people suffered injuries of varying degrees following a collision between two passenger trains in Tunisia's capital https://t.co/IxiJjFzxU7,2021-10-07 23:41:41+00:00
cnnbrk,"The Biden administration will expand the size of the Bears Ears and Grand Staircase-Escalante National Monuments, the Utah governor says https://t.co/W5zA19rGJ7",2021-10-07 21:19:49+00:00
cnnbrk,"Senate Majority Leader Chuck Schumer announces a deal has been reached to extend the debt ceiling through early December
https://t.co/VPUFAV7ZFv",2021-10-07 14:30:48+00:00
cnnbrk,"A 6.1-magnitude earthquake hits Japan's northwestern Chiba Prefecture, which lies east of Tokyo, according to Japan Meteorological Agency
https://t.co/tZ0qQjd1DB",2021-10-07 14:30:21+00:00
cnnbrk,"US warns it could sanction Ethiopia after CNN report reveals state-owned commercial airline ferried weapons during Tigray conflict
https://t.co/EwiM3mq2kM",2021-10-07 14:09:31+00:00
cnnbrk,"Pfizer seeks FDA emergency use authorization of its Covid-19 vaccine for children ages 5 to 11
https://t.co/PsHXnB6bev",2021-10-07 12:22:22+00:00
cnnbrk,"Abdulrazak Gurnah is awarded the Nobel Prize in literature for his ""uncompromising and passionate"" portrayals of the effects of colonialism
https://t.co/cYDuSjCxGW",2021-10-07 11:13:03+00:00
cnnbrk,At least 20 people have been killed and nearly 200 injured after a 5.7-magnitude quake struck southwestern Pakistan https://t.co/9ynqklZJSl,2021-10-07 03:30:41+00:00
cnnbrk,"Water rescues are underway in Birmingham, Alabama, as heavy rain has sparked a flash flood emergency and water is rising in low-lying areas across the region https://t.co/pf0AhPq8RA https://t.co/DnkIJOtB4F",2021-10-07 03:22:36+00:00
cnnbrk,Federal judge in Texas issues an order blocking enforcement of the state's six-week abortion ban https://t.co/C6k3QPcwIq,2021-10-07 00:51:01+00:00
cnnbrk,"US President Biden and Chinese President Xi agree in principle to hold a virtual meeting before the end of the year, an official says https://t.co/3UtCUlu2qz",2021-10-06 19:36:23+00:00
cnnbrk,Police say a suspect is in custody after a high school shooting in Texas that injured four victims https://t.co/KJ5in9lQ5M,2021-10-06 18:36:24+00:00
cnnbrk,The US Department of Education announced major changes to a federal student loan forgiveness program that the agency says could bring relief to thousands of borrowers working in government and nonprofit sectors. https://t.co/97L0TRsXQb,2021-10-06 11:13:24+00:00
cnnbrk,"JUST IN: The 2021 Nobel Prize in chemistry is awarded to Benjamin List and David W.C. MacMillan for ""ingenious"" tool to build molecules, helping develop new drugs and making chemistry greener https://t.co/ohLg0X8cii",2021-10-06 10:01:07+00:00
cnnbrk,"Missouri executed death row inmate Ernest Johnson on Tuesday after the US Supreme Court rejected a petition earlier in the day that had sought to delay it, citing an intellectual disability https://t.co/Qvi8ycAXow",2021-10-06 01:59:59+00:00
cnnbrk,A Florida medical examiner confirms that a body found in a wooded area in Orlando is that of 19-year-old Miya Marcano https://t.co/zd2nyymGgN,2021-10-05 15:59:51+00:00
cnnbrk,"A suspect from a ""suspicious vehicle"" parked near the Supreme Court has been taken into custody, US Capitol Police say https://t.co/R5T5FWjspq",2021-10-05 15:22:58+00:00
cnnbrk,Watch live: Facebook whistleblower Frances Haugen testifies and faces lawmakers' questions at a Senate hearing https://t.co/c4f87uOXCq,2021-10-05 14:06:42+00:00
cnnbrk,"Vaccinations prevented about 265,000 Covid-19 infections among seniors and tens of thousands of deaths from January to May, a federal report says https://t.co/cWnRpU9Gia",2021-10-05 12:10:31+00:00
cnnbrk,"Johnson &amp; Johnson says it has asked the FDA to authorize booster shots for its Covid vaccine, but has left it up to the FDA and the US Centers for Disease Control and Prevention to decide just who should get their boosters and when https://t.co/8vvXXqc26Z",2021-10-05 10:38:53+00:00
cnnbrk,JUST IN: The 2021 Nobel Prize in physics goes jointly to three scientists for pioneering work predicting global warming and understanding complex physical systems https://t.co/YG1RVrImat,2021-10-05 10:04:02+00:00
cnnbrk,"More than 200,000 minors are estimated to have been sexually abused by French Catholic clergy over 70 years, investigators say https://t.co/Z6zaVeYIqc",2021-10-05 07:57:22+00:00
cnnbrk,"Dr. Francis Collins is stepping down as director of the National Institutes of Health, the Washington Post and Politico reported Monday night
https://t.co/L4h3EZcfcI",2021-10-05 04:19:52+00:00
cnnbrk,"The Texas State Board of Pardons and Paroles voted unanimously Monday to recommend a full posthumous pardon of George Floyd for a 2004 drug conviction
https://t.co/NJQtodxzxy",2021-10-05 03:41:58+00:00
cnnbrk,"Bubba Wallace made history by becoming just the second Black driver to win NASCAR's Cup Series race, matching 1963 winner Wendell Scott's rare accomplishment
https://t.co/SDJV9BC1YH",2021-10-04 23:20:17+00:00
cnnbrk,"Facebook services are slowly resuming after a 6-hour outage
https://t.co/IFVrWvCxZZ",2021-10-04 22:44:57+00:00
cnnbrk,"Biden administration reverses Trump-era rule that prohibited federally funded health care providers from making abortion referrals
https://t.co/y7hg21l8bA",2021-10-04 21:51:37+00:00
cnnbrk,"Members of a union representing roughly 60,000 film and TV workers vote to authorize a strike after talks with producers group fail
https://t.co/0IjLbqpMFQ",2021-10-04 18:54:51+00:00
cnnbrk,"Facebook, Instagram and WhatsApp suffer outages https://t.co/h1PTBMvMSR",2021-10-04 17:06:14+00:00
cnnbrk,President Biden rips Republicans for not voting to raise the debt limit as deadline to avoid historic default looms two weeks away https://t.co/sBCoswOPXu,2021-10-04 16:05:36+00:00
cnnbrk,The identity of the Facebook whistleblower who released internal research — leading to a firestorm for the social media company — is revealed as former product manager Frances Haugen https://t.co/fMTbC8sYyQ https://t.co/2LAJtLIu7z,2021-10-04 01:07:14+00:00
cnnbrk,"An explosion in central Kabul has resulted in a number of civilian casualties and deaths, the Taliban say https://t.co/puG0209fKt",2021-10-03 12:25:55+00:00
cnnbrk,"A body found is believed to be missing 19-year-old Miya Marcano, Florida authorities say https://t.co/cOP8GCV8kc",2021-10-02 18:14:09+00:00
cnnbrk,"The Senate has passed the temporary extension of the Highway Trust Fund, ensuring that 3,700 federal employees will not be furloughed https://t.co/faXGJ55RM8",2021-10-02 17:51:47+00:00
cnnbrk,"Pakistani comedian and actor Umer Sharif has died at the age of 66 in Germany, where he was seeking medical treatment https://t.co/hDMLbdCaG7",2021-10-02 16:04:14+00:00
cnnbrk,"A Canadian citizen and English-speaking narrator of ISIS terrorist recruitment videos is in US custody and facing charges, the Justice Department says https://t.co/ryU4pHHrpx",2021-10-02 15:40:22+00:00
cnnbrk,"NWSL commissioner resigns, league calls off weekend matches after accusations of sexual misconduct by fired coach https://t.co/P9nALyeaoT",2021-10-02 02:24:40+00:00
cnnbrk,"The House passes a bill to extend highway funding for 30 days. About 3,700 federal employees were furloughed when funding lapsed overnight.
https://t.co/0GVoOFSixd",2021-10-02 00:28:52+00:00
cnnbrk,"Supreme Court Justice Sonia Sotomayor denies a request from a group of NYC teachers to block the city's vaccine mandate for public school employees
https://t.co/UOxPe8xsGn",2021-10-01 21:17:24+00:00
cnnbrk,"President Biden is on Capitol Hill for talks as congressional Democratic leaders scramble to secure a last-minute deal. Follow live updates.
https://t.co/Akorun8ykb",2021-10-01 19:51:47+00:00
cnnbrk,California is adding a Covid-19 vaccination to the immunizations required for in-person school attendance https://t.co/QBFstHXWtG,2021-10-01 17:50:26+00:00
cnnbrk,"A key measure of inflation hits a new 30-year high, with the PCE price index surging 4.3% over the 12 months ending in August https://t.co/m5rRQ0Gehw",2021-10-01 13:13:03+00:00
cnnbrk,"Justice Brett Kavanaugh has tested positive for Covid-19, the Supreme Court says https://t.co/sqRfIgTmEj",2021-10-01 13:01:04+00:00
cnnbrk,Merck says its Covid-19 pill cuts hospitalization and deaths by half. The pharmaceutical company plans to seek FDA emergency use authorization next. It would become the first oral antiviral for Covid-19 if approved. https://t.co/K2RCOmOZRo https://t.co/AdkZ8Fd1o5,2021-10-01 11:03:58+00:00
cnnbrk,"Japan's Princess Mako will marry her commoner fiance this month, a controversial union that requires her to give up her royal status

https://t.co/Rq0bwkZO1J",2021-10-01 05:58:28+00:00
cnnbrk,Pelosi delays vote on roughly $1 trillion infrastructure bill as negotiations continue between wings of the Democratic Party https://t.co/v5axso87dy,2021-10-01 02:48:19+00:00
cnnbrk,Federal appeals court says Biden administration can continue expelling migrant families with children at the border under a public health authority linked to the pandemic https://t.co/BWae452joc,2021-09-30 23:56:09+00:00
cnnbrk,Biden signs resolution to keep the government open as lawmakers continue negotiating his massive infrastructure bill. Follow live. https://t.co/TtlE0RVggL,2021-09-30 23:32:54+00:00
cnnbrk,Wall Street logs its worst month of the year and ends its final trading day of the quarter in the red https://t.co/bF9DXyeP3Y,2021-09-30 21:10:30+00:00
cnnbrk,A group of public school teachers in New York has asked the Supreme Court to block New York City's vaccine mandate https://t.co/weVPwT0hHM,2021-09-30 20:00:30+00:00
cnnbrk,House passes last-minute resolution to avoid a government shutdown. It now heads to the President's desk. https://t.co/7lSYuuoxqS,2021-09-30 19:50:03+00:00
cnnbrk,John T. Earnest gets life in prison without the possibility of parole for a 2019 California synagogue shooting that left one dead https://t.co/IqF8CYDzjK,2021-09-30 19:31:35+00:00
cnnbrk,The Senate passes a short-term patch to keep the government open past tonight's funding expiration. The House is on track to vote later today. https://t.co/YKUUO4dS32,2021-09-30 18:00:22+00:00
cnnbrk,Exclusive: The special counsel probing the FBI's Russia investigation issues a fresh round of subpoenas https://t.co/w8wEzW74Cn,2021-09-30 17:32:52+00:00
cnnbrk,The ex-UK police officer who falsely arrested then raped and murdered Sarah Everard is sentenced to life without parole https://t.co/XjzbJns6KV,2021-09-30 11:23:39+00:00
cnnbrk,Former French President Nicolas Sarkozy is found guilty of illegal electoral campaign financing in his failed 2012 re-election bid https://t.co/q8gh7ONuaJ,2021-09-30 09:15:35+00:00
cnnbrk,Schumer announces an agreement reached with Republicans on a stopgap funding bill to be voted on Thursday. The House is expected to take up the measure afterward. https://t.co/hPdN1gv5fv,2021-09-30 00:47:14+00:00
cnnbrk,Committee investigating the Jan. 6 insurrection targets organizers of the Stop the Steal rally in its second batch of subpoenas https://t.co/fVMNQMWUQc,2021-09-29 22:26:25+00:00
cnnbrk,Judge suspends Britney Spears' father as the conservator of her estate. Follow live updates. https://t.co/pgkTA6ZQx4,2021-09-29 22:25:34+00:00
cnnbrk,"Americans across the US could start seeing slowdowns in mail delivery as early as Friday due to new USPS service standards
https://t.co/DD2Mkdz8n8",2021-09-29 18:42:23+00:00
cnnbrk,"YouTube says videos that spread misinformation on any approved vaccines, not just Covid-19 shots, will now be removed https://t.co/evBEfzy4o5",2021-09-29 14:00:48+00:00
cnnbrk,Japan's former top diplomat Fumio Kishida has been elected leader of the country's ruling party — clearing a path for him to become Prime Minister https://t.co/Cdbs27JNRA,2021-09-29 06:16:03+00:00
cnnbrk,Biden is canceling a Wednesday trip to Chicago in order to keep leading crucial negotiations as his legislative agenda faces hurdles in Congress https://t.co/SVppuA8JxX,2021-09-28 22:29:12+00:00
cnnbrk,"Capital Gazette shooter Jarrod Ramos, who killed five newspaper employees, is sentenced to life in prison without parole https://t.co/yJDl6PMNRJ",2021-09-28 15:34:24+00:00
cnnbrk,Gen. Milley defends calls to China during Trump administration that have become a lightning rod for partisan criticism https://t.co/gpwcgbejUZ,2021-09-28 14:33:21+00:00
cnnbrk,Lawmakers grill Defense Secretary Austin and Gen. Milley on the Afghanistan withdrawal and chaotic Kabul evacuation. Follow live updates: https://t.co/dKz55t16CJ,2021-09-28 13:35:34+00:00
cnnbrk,"Senate Republicans block bill to suspend the nation's debt limit and avert a government shutdown in key procedural vote
https://t.co/tld6nSXScj",2021-09-27 22:45:41+00:00
cnnbrk,"Singer R. Kelly is convicted of racketeering and sex trafficking charges at federal trial
https://t.co/i7uMXzs1oN https://t.co/BrOxnCPtrP",2021-09-27 19:36:12+00:00
cnnbrk,Singer R. Kelly is convicted of racketeering by a federal jury in Brooklyn https://t.co/XJa0fEjOzv,2021-09-27 19:27:06+00:00
cnnbrk,A jury has reached a verdict in R. Kelly's racketeering and sex trafficking trial. Follow live updates. https://t.co/fYqwV7kN25,2021-09-27 19:10:46+00:00
cnnbrk,President Biden gets his third Covid-19 vaccine shot on camera and says getting more people vaccinated is key to ending the pandemic https://t.co/6QwOt0mLUB https://t.co/x3F82dSszk,2021-09-27 17:28:08+00:00
cnnbrk,"The Justice Department reaches a deal with John Hinckley Jr., the man who tried to assassinate President Reagan, that would grant him ""unconditional release."" A judge must still sign off. https://t.co/X1Vt6bIxCV",2021-09-27 15:57:49+00:00
cnnbrk,"President Biden will get his Covid-19 booster shot this afternoon, the White House says https://t.co/GSfX3eXi9E",2021-09-27 15:26:45+00:00
cnnbrk,"Murders in the US were up sharply in 2020, with the FBI reporting a rise of nearly 30% over the previous year https://t.co/ejzm1nWpPv",2021-09-27 13:52:56+00:00
cnnbrk,The Biden administration takes steps to save the Obama-era DACA program that shields undocumented immigrants brought to the US as children from deportation https://t.co/07PJbPAjt7,2021-09-27 13:01:42+00:00
cnnbrk,"One man has died and nine people have been injured following a strong earthquake that shook the Greek island of Crete, Greece's General Secretariat for Civil Protection confirmed https://t.co/f5pxcgE54c",2021-09-27 11:06:07+00:00
cnnbrk,"JUST IN: An earthquake has hit the island of Crete, Greece, according to the European-Mediterranean Seismological Centre. https://t.co/iLzCSlUwjf",2021-09-27 08:09:34+00:00
cnnbrk,"Preliminary official results show that Germany’s Social Democratic Party wins most seats in Parliament
https://t.co/67rreiGAO9",2021-09-27 03:37:13+00:00
cnnbrk,"The US wins back the Ryder Cup with a dominant performance over Europe
https://t.co/m9Xja2DOtU",2021-09-26 21:13:59+00:00
cnnbrk,The center-left SPD party is ahead in exit polls as voting ends in Germany's election but the final result remains uncertain. Follow live updates.  https://t.co/0b61rdOCnW,2021-09-26 16:13:02+00:00
cnnbrk,"The arrest of a man in connection with the murder of teacher Sabina Nessa is a ""significant development"" in the case, London's Metropolitan Police said https://t.co/EAJZVKGnfl",2021-09-26 11:37:13+00:00
cnnbrk,At least three people have died and others are injured after an Amtrak train derailed in Montana https://t.co/4XuJ0E7FrR,2021-09-26 02:15:01+00:00
cnnbrk,"House committee advances Democrats' $3.5 trillion budget deal in a key procedural vote, sending it to the House floor https://t.co/653S13sQCG",2021-09-25 21:59:21+00:00
cnnbrk,Federal appeals court temporarily blocks Covid-19 vaccine mandate for New York City educators that was set to go into effect early next week https://t.co/fgJ2d9zYcH,2021-09-25 21:41:09+00:00
cnnbrk,"Spain's Sergio Garcia won his 24th Ryder Cup match Saturday, breaking Nick Faldo's record of 23
https://t.co/35Ctjyl2pg",2021-09-25 17:38:52+00:00
cnnbrk,"Two Canadians detained by China for nearly three years have been released, Canadian Prime Minister Justin Trudeau announced https://t.co/jxaySIYo5m https://t.co/MC3UMZR3EM",2021-09-25 01:40:49+00:00
cnnbrk,"Huawei CFO Meng Wanzhou pleaded not guilty to US charges against her. She and the DOJ reached a deferred prosecution agreement related to the charges. An earlier tweet about her expected plea has been deleted.
https://t.co/UM0Q3uBhRV",2021-09-25 00:01:31+00:00
cnnbrk,"Jurors begin deliberations in R. Kelly's federal trial in Brooklyn, where he faces racketeering and sex trafficking charges https://t.co/yf1CUuR8nE",2021-09-24 18:05:42+00:00
cnnbrk,"After several days of living in squalid conditions under the Del Rio International Bridge in Texas, the last remaining migrants departed a makeshift camp
https://t.co/37385qcsI5",2021-09-24 17:25:17+00:00
cnnbrk,"'The View' host Sunny Hostin and guest host Ana Navarro both tested positive for breakthrough cases of Covid-19 ahead of an interview with Vice President Kamala Harris
https://t.co/Naemgd7EpJ",2021-09-24 16:42:04+00:00
cnnbrk,"The House passes a bill aimed at preserving the right to abortion in a nearly party-line vote. It is not expected to pass the Senate.
https://t.co/fsl1VhEJld",2021-09-24 16:15:50+00:00
cnnbrk,"Former Minneapolis police officer Derek Chauvin plans to appeal his conviction earlier this year on charges in the murder of George Floyd
https://t.co/KwM5dc6Sns",2021-09-24 15:12:58+00:00
cnnbrk,"President Biden harshly condemns images of Border Patrol agents on horseback rounding up Haitian migrant families, saying people will be punished https://t.co/tP83EoFM3C",2021-09-24 14:23:42+00:00
cnnbrk,"China deems all cryptocurrency-related transactions illegal, news that sends Bitcoin and Ethereum prices tumbling https://t.co/G0f2APkxet",2021-09-24 12:47:49+00:00
cnnbrk,"The CDC recommends Covid-19 vaccine boosters for older and high risk Americans, including those whose jobs put them at risk of infection https://t.co/UGf7ffojBy",2021-09-24 05:58:42+00:00
cnnbrk,A draft of a review ordered by Arizona Senate Republicans confirms President Biden defeated Donald Trump in Maricopa County last November https://t.co/bKnd0R211d,2021-09-24 04:33:38+00:00
cnnbrk,"House select committee issues its first round of subpoenas, targeting four Trump loyalists in its Jan. 6 investigation https://t.co/xn8z9cRtT9",2021-09-23 23:35:52+00:00
cnnbrk,"An Illinois coroner has identified a body found earlier this month as missing graduate student Jelani Day, who was last seen in late August https://t.co/yIu7koto4X",2021-09-23 21:23:27+00:00
cnnbrk,Texas abortion providers have asked the Supreme Court to expedite a review of the state law that bars abortions after six weeks https://t.co/Th7G9tHbR1,2021-09-23 20:49:44+00:00
cnnbrk,At least one person was killed and multiple others were injured after a shooting at a Kroger. The shooter is also dead. Follow live updates. https://t.co/g2E9gTTA3i,2021-09-23 20:42:55+00:00
cnnbrk,CDC advisers recommend certain adults vaccinated with Pfizer's Covid-19 vaccine get a booster dose https://t.co/5YUdE0l5GG,2021-09-23 20:14:23+00:00
cnnbrk,"Multiple people are injured and several are being taken to the hospital following a shooting at a Kroger in Tennessee, town spokesperson says https://t.co/avcLZ3ZpqS",2021-09-23 20:09:28+00:00
cnnbrk,"US Rep. Lauren Boebert paid utility and rent bills with campaign funds, according to a new Federal Election Commission filing
https://t.co/i4MdeqOXky",2021-09-23 18:06:27+00:00
cnnbrk,"Tropical Storm Sam forms in the Atlantic, more than 1,700 miles east of the Leeward Islands. The storm is ​expected to quickly strengthen into a hurricane as it approaches the Caribbean.
https://t.co/uSOfeTPqgU",2021-09-23 17:10:46+00:00
cnnbrk,The Department of Homeland Security temporarily suspends use of horse patrol in the Del Rio sector of the US southern border after aggressive confrontation with migrants https://t.co/WjKPTtpXKA,2021-09-23 16:44:25+00:00
cnnbrk,"Senate Majority Leader Chuck Schumer says Democrats have a ""framework"" to pay for their $3.5 trillion plan, though it's unclear if moderates are on board
https://t.co/2QulvaeBdI",2021-09-23 16:24:04+00:00
cnnbrk,"Daniel Foote, US special envoy to Haiti, resigns, citing the ""inhumane"" US decision to deport thousands of Haitian refugees from the US-Mexico border
https://t.co/A9AuAQ2wex",2021-09-23 13:12:10+00:00
cnnbrk,FDA has OK'd a booster dose of Pfizer's Covid-19 vaccine for certain adults and people at high risk of severe illness https://t.co/xsVps1KBMG,2021-09-22 23:45:42+00:00
cnnbrk,House Democrats quietly move to limit their Republican counterparts' power to press for investigations into the Biden administration https://t.co/CfGPAcsyJP,2021-09-22 20:26:41+00:00
cnnbrk,The Fed signals it may start winding down Covid stimulus programs if the economic recovery continues as expected https://t.co/xom3CwJfLL,2021-09-22 18:19:23+00:00
cnnbrk,"A dive team arrives at a Florida nature reserve as part of the search for Gabby Petito's fiancé Brian Laundrie, who hasn't been seen since last week
https://t.co/P45dEklfxn",2021-09-22 17:50:39+00:00
cnnbrk,"Biden speaks with French President Macron for the first time since a diplomatic crisis over talks to equip Australia with nuclear-powered submarines
https://t.co/lgwLHHRNbe",2021-09-22 16:53:15+00:00
cnnbrk,"Ten Black female officers sue Washington, DC, police, alleging discrimination and ""pervasive retaliation"" after raising concerns to the department
https://t.co/L812UOKpjq",2021-09-22 15:22:26+00:00
cnnbrk,"A teen is dead and two children are injured after a drive-by shooting at a bus stop in Louisville, Kentucky
https://t.co/TW87G532nu",2021-09-22 14:01:38+00:00
cnnbrk,"Some Haitians who crossed the Texas border are being allowed into the US despite claims from Homeland Security officials that they would be expelled
https://t.co/l2JLyrKszj",2021-09-22 13:56:18+00:00
cnnbrk,"Serhiy Shefir, a top aide to Ukraine President Volodymyr Zelensky, survives an apparent assassination attempt, authorities say
https://t.co/Xr8ynK76NX",2021-09-22 12:41:20+00:00
cnnbrk,"The US is purchasing an additional 500 million Pfizer Covid-19 vaccines to donate to lower-income countries starting in 2022
https://t.co/Y5qEDCiyHt",2021-09-22 11:30:44+00:00
cnnbrk,"House passes a bill to prevent a government shutdown and suspend the nation's borrowing limit, but it's unlikely to pass the Senate
https://t.co/o2TK5lPngw",2021-09-22 00:47:37+00:00
cnnbrk,"An earthquake of magnitude 6.0 has struck near Melbourne in southern Australia, authorities say
https://t.co/2fHp6zcBtt",2021-09-22 00:21:06+00:00
cnnbrk,"Autopsy results have confirmed that the remains found in Wyoming are those of Gabby Petito, FBI in Denver says
https://t.co/HQxUDkFY1j",2021-09-21 21:13:32+00:00
cnnbrk,'Decisive decade for our world': President Biden began his address to the UN by acknowledging the huge losses globally from the Covid-19 pandemic https://t.co/MtJO35Fuos,2021-09-21 14:26:40+00:00
cnnbrk,"President Biden speaks at the UN where he's expected to address the Afghanistan withdrawal, the Covid-19 pandemic and tension among foreign allies. Follow live updates:
https://t.co/3hINCIoaiF",2021-09-21 14:03:11+00:00
cnnbrk,"Homeland Security Chief Mayorkas says he's ""horrified"" by images that appear to show US Border Patrol agents on horseback confronting Haitian refugees https://t.co/5NHKt6D7ze https://t.co/XOQ5jiT09K",2021-09-21 13:23:58+00:00
cnnbrk,"A two-dose version of Johnson &amp; Johnson's vaccine is 94% effective against Covid-19, the company says, making it comparable to Moderna's or Pfizer's https://t.co/irwlWq2EVq",2021-09-21 10:37:14+00:00
cnnbrk,"BREAKING: Moscow was responsible for killing Alexander Litvinenko, a Russian spy poisoned in London in 2006, the European Court of Human Rights rules https://t.co/nwK9eAIYYk",2021-09-21 09:50:35+00:00
cnnbrk,"BREAKING: A military coup has failed in Sudan and dozens of officers have been arrested, sources tell CNN https://t.co/Egdwe5tk0w",2021-09-21 08:04:54+00:00
cnnbrk,"Prime Minister Justin Trudeau's Liberal Party will form the country's next government after a snap election, Canadian news outlets project
https://t.co/TOGwgNs1CO",2021-09-21 03:15:42+00:00
cnnbrk,"A Texas doctor who wrote an op-ed claiming he violated the state's six-week abortion ban now faces a lawsuit brought against him under the ban
https://t.co/d56R1Y97yE",2021-09-20 21:50:34+00:00
cnnbrk,"Despite 103 years of advances, the Covid-19 pandemic has now killed more Americans than the 1918 flu pandemic did
https://t.co/dkDd6o1zRJ",2021-09-20 20:08:59+00:00
cnnbrk,"The US is extending nonessential travel restrictions at land crossings with Canada and Mexico through October 21
https://t.co/SuMPS93Jdh",2021-09-20 19:39:26+00:00
cnnbrk,"Democrats plan to tie a suspension of the debt limit to a spending bill to keep the government funded, setting up a showdown with the GOP heading into the fall
https://t.co/ocerq0ZJti",2021-09-20 19:29:33+00:00
cnnbrk,The Supreme Court will consider a Mississippi abortion law on December 1. It's one of the most substantial cases to look at overturning Roe v. Wade. https://t.co/mXQK3bnd0x,2021-09-20 16:24:37+00:00
cnnbrk,"The US plans to ease travel restrictions on visitors from the EU and the UK in November, a person familiar with the matter tells CNN https://t.co/pdenVuFrqq",2021-09-20 13:55:41+00:00
cnnbrk,"Pfizer: Covid-19 vaccine for kids ages 5 to 11 is safe and shows 'robust' antibody response
https://t.co/4l4OT8R9SG",2021-09-20 10:46:50+00:00
cnnbrk,"BREAKING: A shooting has been reported at a university in Perm, Russia, with students and teachers locking themselves into classrooms, state media says https://t.co/ys3YRnChBL",2021-09-20 07:47:59+00:00
cnnbrk,"RuPaul makes history. 'The Crown' and freshman comedy 'Ted Lasso' walk away big winners. Here are the Emmy highlights.
https://t.co/HpesLnGb2N https://t.co/nqpWCzVOPz",2021-09-20 03:35:21+00:00
cnnbrk,"A ruling from the Senate parliamentarian makes it unlikely Democrats will be able to include immigration reform in their sweeping economic package
https://t.co/aIsMv4DSF8",2021-09-20 01:06:58+00:00
cnnbrk,"First Emmy award of the night goes to 'Ted Lasso' actress Hannah Waddingham for supporting actress in a comedy series
https://t.co/nU55E7JtZk https://t.co/nHwORcKe75",2021-09-20 00:23:53+00:00
cnnbrk,"FBI says human remains found in Wyoming are ""consistent with the description"" of Gabby Petito, but no formal identification has been made
https://t.co/omghaaEOz3",2021-09-19 22:30:59+00:00
cnnbrk,"A body was found in a national forest in Teton County, Wyoming, officials say. Police have been searching the area for evidence of Gabby Petito.
https://t.co/zZxzH2a9NQ",2021-09-19 21:29:06+00:00
cnnbrk,"Two pilots were hospitalized after they ejected from a military training jet that crashed in Lake Worth, Texas, officials say 
https://t.co/ZQIQsZpWOG https://t.co/EFhhyJGR94",2021-09-19 19:16:39+00:00
cnnbrk,"A military training aircraft has crashed in Lake Worth, Texas. Two homes have been heavily damaged and up to three patients are being treated.
https://t.co/AqGfuW4dSg",2021-09-19 17:49:01+00:00
cnnbrk,"Justice Stephen Breyer argues the Supreme Court is driven by judicial philosophy, not politics. He also weighs in on speculation about whether he'd step down.
https://t.co/mtKM1CpPC2",2021-09-19 15:38:20+00:00
cnnbrk,"Tropical Storm Peter forms hundreds of miles northeast of the Leeward Islands. Forecasters warn its impact to land is expected to be minimal as it remains in the open Atlantic waters
https://t.co/BfruCzxs7J",2021-09-19 14:32:44+00:00
cnnbrk,"SpaceX capsule splashes down off the coast of Florida, marking the end of the first all-tourist mission to Earth's orbit
https://t.co/5QjUL2BXkT",2021-09-18 23:16:13+00:00
cnnbrk,"At least 235 people were arrested and 10 police officers injured following a large anti-lockdown protest in Melbourne, Australia
https://t.co/U7pzrRCWtH",2021-09-18 17:50:41+00:00
cnnbrk,"An Alabama man has been arrested after a shooting at a casino in Biloxi, Mississippi, left one person dead, police say https://t.co/5ZS3OR59BG",2021-09-18 16:16:52+00:00
cnnbrk,"A magnitude 4.3 earthquake struck Southern California on Friday evening, according to the US Geological Survey https://t.co/7B2AzMpyP7 https://t.co/jQuxwxCCpT",2021-09-18 03:51:22+00:00
cnnbrk,"A jury found real estate heir Robert Durst guilty of first-degree murder in the killing of his close friend, Susan Berman
https://t.co/VAL5amDSHT",2021-09-17 23:21:54+00:00
cnnbrk,"In a second vote, FDA advisers recommend a booster dose of Pfizer's vaccine for people 65 and older and those at high risk of severe Covid
https://t.co/KkmHSgooW1",2021-09-17 20:36:11+00:00
cnnbrk,"France recalls its ambassador to the US in response to the US' national security partnership with the UK and Australia
https://t.co/miW1Wf2ryK",2021-09-17 20:23:10+00:00
cnnbrk,"FDA vaccine advisers reject Pfizer's application to add a booster to its two-dose coronavirus vaccine regimen
https://t.co/5IwO5vGkyt",2021-09-17 19:46:53+00:00
cnnbrk,"US military admits it killed 10 civilians and targeted wrong vehicle in Kabul airstrike in August
https://t.co/1JBjCWCVwc",2021-09-17 19:04:54+00:00
cnnbrk,"New study finds Moderna's vaccine is slightly more effective than Pfizer and J&amp;J in keeping people out of the hospital
https://t.co/6ZDzMYnFpw",2021-09-17 17:43:57+00:00
cnnbrk,"The Department of Homeland Security warns about the potential for violence from people involved in or opposed to the ""Justice for J6"" rally planned for Saturday https://t.co/IHxv4QDPwh",2021-09-16 19:53:04+00:00
cnnbrk,"A federal judge has blocked the Biden administration from expelling migrant families apprehended at the US-Mexico border under a public health order
https://t.co/9So5yqvrRJ",2021-09-16 19:02:52+00:00
cnnbrk,"Alex Murdaugh, the South Carolina lawyer whose wife and son were killed in June, turns himself in on charges related to insurance fraud
https://t.co/AnjBk1yA55",2021-09-16 15:52:18+00:00
cnnbrk,A Colorado state probe launched in response to the death of Elijah McClain found Aurora police had a pattern of practicing racially biased policing https://t.co/kHHkJ9iauA,2021-09-16 00:06:35+00:00
cnnbrk,The first-ever orbital flight crewed entirely by tourists will launch shortly from NASA's Kennedy Space Center. Follow live updates: https://t.co/ELqltWVw5z,2021-09-15 23:37:21+00:00
cnnbrk,Taliban co-founder and acting Deputy Prime Minister Mullah Abdul Ghani Baradar refuted rumors he had been injured or even killed in a dispute last week at the presidential palace in Kabul https://t.co/PjEsXcj5QY,2021-09-15 21:35:30+00:00
cnnbrk,President Biden plans to announce the US and UK are helping Australia acquire nuclear submarines in a new pushback against China https://t.co/nRxL1r54Jn,2021-09-15 21:10:07+00:00
cnnbrk,Olympians McKayla Maroney and Simone Biles rip the FBI and Justice Department in Senate hearing on the botched investigation of Larry Nassar abuse. Follow live: https://t.co/m0Ykd0oljo,2021-09-15 15:31:57+00:00
cnnbrk,"Authorities have charged a man in the shooting of South Carolina lawyer Alex Murdaugh in what they allege was a conspiracy to commit insurance fraud  
https://t.co/CPh4WhlooG",2021-09-15 05:15:12+00:00
cnnbrk,Hundreds of people protested in the southern Afghan city of Kandahar against what they say are Taliban orders for citizens to leave their homes on the eve of winter. https://t.co/JfghZADiUq,2021-09-15 04:31:02+00:00
cnnbrk,"Yellowstone National Park set a record for visits in August, the National Park Service said. The park hosted 921,844 recreation visits last month -- the equivalent of almost the entire population of Austin, Texas, visiting there. https://t.co/O0Gwup7u9g",2021-09-15 02:20:04+00:00
cnnbrk,"The capsizing of the Golden Ray cargo ship off the Georgia coast two years ago was caused by incorrect calculations about the vessel's stability, the National Transportation Safety Board said. https://t.co/fkSRMJiT5s",2021-09-15 02:01:06+00:00
cnnbrk,Republican Sen. Josh Hawley says he'll hold up State and Defense Department nominees unless Secretary of State Tony Blinken and  Defense Secretary Lloyd Austin resign https://t.co/npi4dNlLtx,2021-09-15 01:40:11+00:00
cnnbrk,"Arizona Attorney General Mark Brnovich sues Biden administration for ""federal overreach"" over the new coronavirus vaccine mandates President Biden announced last week https://t.co/xvD0t4rish",2021-09-15 01:31:22+00:00
cnnbrk,"The Covid-19 pandemic remains at the top of California voters' minds, with about one-third saying it's the biggest issue for the state, according to an exit poll conducted for CNN and other news networks. https://t.co/RCfMA1SRu6",2021-09-14 23:19:33+00:00
cnnbrk,"When the new NBA season begins October 19, players will not have to be vaccinated against Covid-19 to play, a source told CNN. https://t.co/soVr8FGhja",2021-09-14 22:50:05+00:00
cnnbrk,"Comedian Norm Macdonald, who was a beloved anchor of ""Saturday Night Live's"" popular ""Weekend Update"" segments, has died https://t.co/aW2DaKX41H",2021-09-14 19:32:06+00:00
cnnbrk,"First on CNN: Two days after the Capitol riot, the chairman of the Joint Chiefs took top secret action to limit President Donald Trump’s ability to order a nuclear strike, Bob Woodward's new book says https://t.co/lr16tejBVU",2021-09-14 15:56:45+00:00
cnnbrk,Four former Minneapolis police officers charged with violating George Floyd's civil rights plead not guilty https://t.co/kfBhFmwA0L,2021-09-14 15:50:51+00:00
cnnbrk,"11.4% of Americans were in poverty last year -- up from 10.5% in 2019 -- as the pandemic upended the US economy, according to US Census data
https://t.co/lYA6bXlYPP",2021-09-14 14:48:31+00:00
cnnbrk,"Senate Democrats will propose new legislation today on voting reform following months of discussions to get all 50 of their members behind the bill even though it stands virtually no chance of becoming law
https://t.co/dEmweqs7qP",2021-09-14 12:55:09+00:00
cnnbrk,"Russian President Vladmir Putin is self-isolating after several people in his inner circle test positive for Covid-19, the Kremlin says
https://t.co/E6aicrxgUc",2021-09-14 10:25:48+00:00
cnnbrk,"Hurricane Nicholas has made landfall in Texas, packing 75mph winds and threatening dangerous flooding https://t.co/WzaGlqKfTM",2021-09-14 06:44:14+00:00
cnnbrk,"Nicholas has strengthened into a Category 1 hurricane and is expected to make landfall in the coming hours in Texas
https://t.co/FvMmLjRTLW",2021-09-14 03:30:57+00:00
cnnbrk,"Apple issues urgent iPhone software update to address critical spyware vulnerability
https://t.co/cCc9b61GsX",2021-09-13 20:54:44+00:00
cnnbrk,Temporary fencing is going back up to surround the US Capitol building ahead of a planned right-wing rally Saturday https://t.co/gSdKoLKYpK,2021-09-13 16:44:59+00:00
cnnbrk,US Capitol Police arrest a man armed with a bayonet and machete in his truck near Democratic National Committee headquarters https://t.co/mCJ2R31MZN,2021-09-13 15:04:55+00:00
cnnbrk,"Parts of Texas are under a hurricane watch as Tropical Storm Nicholas is expected to gain strength Monday
https://t.co/EmAFnxf3NQ",2021-09-12 22:36:39+00:00
cnnbrk,"Two people are missing and one person was injured in an explosion at an apartment complex near Atlanta. A fire official says someone reported a strong smell of gas before the blast.
https://t.co/2QltApFMcs",2021-09-12 20:48:47+00:00
cnnbrk,"Police are responding to reports of an explosion at an apartment complex in Dunwoody, Georgia. Officials describe the scene as ""very active."" https://t.co/psFo4V6VtJ",2021-09-12 18:46:25+00:00
cnnbrk,"New York Rep. Joe Morelle announces that he has tested positive for Covid-19, stressing that his vaccination against the virus has prevented him from having a severe infection
https://t.co/H9PIiVUIwG",2021-09-12 18:04:19+00:00
cnnbrk,"Tropical Storm Nicholas forms in the Gulf of Mexico, the National Hurricane Center says. Parts of Texas could see up to 15 inches of rain by mid-week.
https://t.co/fJpKZF5Yf7",2021-09-12 16:21:06+00:00
cnnbrk,"Democratic Sen. Joe Manchin says he will not support the $3.5 trillion spending bill proposed by President Biden and his allies in Congress that would expand the nation's social safety net
https://t.co/sbdpA7cxba",2021-09-12 13:47:19+00:00
cnnbrk,"FBI releases a newly declassified document related to its investigation of the September 11 attacks and suspected Saudi government support
https://t.co/3t1p6gNBao",2021-09-12 02:40:55+00:00
cnnbrk,"The US Capitol Police say that disciplinary action has been recommended in six cases against officers after internal investigations into the January 6 attack
https://t.co/NNqsjZmdOG",2021-09-12 00:11:19+00:00
cnnbrk,"Abimael Guzman, the founder of the Peruvian rebel group Shining Path, has died in prison, the country's National Penitentiary Institute says
https://t.co/YFI2wzsGfk",2021-09-11 16:54:23+00:00
cnnbrk,"America commemorates the 20th anniversary of the September 11 attacks with events in New York, Pennsylvania and Virginia. Follow live updates. 
https://t.co/qGmDmlEgOZ",2021-09-11 12:33:46+00:00
cnnbrk,"Seven more US Capitol riot defendants pleaded guilty to charges related to the January 6 insurrection, including one man who threatened to shoot House Speaker Nancy Pelosi
https://t.co/CT7CbGLWg9",2021-09-10 23:14:49+00:00
cnnbrk,"Los Angeles Dodgers pitcher Trevor Bauer will miss the rest of the season while being investigated for allegations of assault, a source says
https://t.co/Rd13vvuurg",2021-09-10 20:35:57+00:00
cnnbrk,"The DOJ appeals a Texas court ruling that found the DACA program unlawful, adding fresh uncertainty into thousands of immigrants' lives
https://t.co/HW3qPQ5CdJ",2021-09-10 20:22:35+00:00
cnnbrk,"A Florida appeals court rules in favor of Gov. Ron DeSantis, blocking face mask requirements in schools for now https://t.co/626V09G97p",2021-09-10 18:24:14+00:00
cnnbrk,"Apple is ordered to change how it handles App Store payments, but judge stops short of calling the company a monopoly https://t.co/WxTAqLaFoU",2021-09-10 16:11:19+00:00
cnnbrk,Giuliani associate Igor Fruman pleads guilty to a charge stemming from a case alleging he funneled foreign money to US campaign coffers https://t.co/CNxNgTz52b,2021-09-10 15:39:37+00:00
cnnbrk,"A second Qatar Airways flight takes off from Kabul airport, a day after more than 100 foreign nationals left with the Taliban's agreement https://t.co/h3GEPF3xUd",2021-09-10 13:58:46+00:00
cnnbrk,Los Angeles Unified public schools -- the nation's second largest school district -- will require Covid-19 vaccines for all eligible students https://t.co/qvhXOs32Ag,2021-09-09 23:07:39+00:00
cnnbrk,"President Biden will direct the Labor Department to require large employers to ensure all workers are vaccinated or tested once a week, official says https://t.co/d1PWfBsJnz",2021-09-09 19:35:31+00:00
cnnbrk,Attorney General Merrick Garland announces a lawsuit against Texas' new six-week abortion ban https://t.co/RxKt7nxskH,2021-09-09 19:11:35+00:00
cnnbrk,"Florida Gov. Ron DeSantis files an emergency appeal to reinstate a stay on school mask mandates 
https://t.co/Q5ezCkE0QJ",2021-09-09 18:01:47+00:00
cnnbrk,"Trump endorses Harriet Hageman in Wyoming's GOP primary as she looks to unseat Rep. Liz Cheney, a vocal critic of the former President 
https://t.co/wAlJWz6SHH",2021-09-09 15:54:47+00:00
cnnbrk,"The Justice Department is readying a challenge to Texas' restrictive abortion law, an official says. A formal announcement is expected as soon as today.
https://t.co/ytWnHPHYlx",2021-09-09 14:22:10+00:00
cnnbrk,"A Qatar Airways flight has taken off from Kabul airport after 200 people, including Americans, were allowed to leave by the Taliban
https://t.co/EfwpqicOZi",2021-09-09 13:46:53+00:00
cnnbrk,"2020 Democratic presidential candidate Sen. Amy Klobuchar says she was treated for breast cancer this year and it ""went well""
https://t.co/SFx6fmPLPC",2021-09-09 13:10:41+00:00
cnnbrk,"The White House is set to withdraw David Chipman's nomination as ATF chief following senators' concerns over his past record on gun control
https://t.co/YW85WQJWQu",2021-09-09 13:08:29+00:00
cnnbrk,"Los Angeles could become the first major US school district to mandate coronavirus vaccines for eligible students
https://t.co/NbvFb2yJpF https://t.co/yrnkkgpJw8",2021-09-09 12:52:12+00:00
cnnbrk,"The Taliban have cleared around 200 people, including Americans, to leave Kabul airport on a Qatari flight, source tells CNN
https://t.co/EVmlMbXcrH",2021-09-09 10:39:21+00:00
cnnbrk,"Tropical Storm Mindy has formed in the Gulf of Mexico, the National Hurricane Center says, and forecasters have issued storm warnings for the Florida panhandle https://t.co/ami5tZsonu",2021-09-08 21:46:11+00:00
cnnbrk,An internal Capitol Police memo notes an uptick in online chatter and the potential for clashes and unrest during a September 18 right-wing rally https://t.co/C36QMHSti9,2021-09-08 17:25:13+00:00
cnnbrk,"A Florida judge rules against Gov. Ron DeSantis' appeal and allows mask mandates to continue in schools
https://t.co/a0emY0vhWK https://t.co/LKEf2s1DD2",2021-09-08 16:44:52+00:00
cnnbrk,"Taliban fighters use whips and sticks against women protesting in Kabul following the militant group's announcement of a hardline, male-only interim government
https://t.co/L39qyY56xT https://t.co/io9436w4Qr",2021-09-08 15:59:59+00:00
cnnbrk,"Flash flood watches are in effect in the Northeast as storms are expected to move through some areas affected by the remnants of Ida
https://t.co/p9BN8bFZ5P",2021-09-08 13:31:07+00:00
cnnbrk,"Crews take down a 12-ton statue of Confederate Gen. Robert E. Lee in Richmond, Virginia, after the state Supreme Court last week cleared the way for its removal
https://t.co/Ww9mXem2G5",2021-09-08 13:09:15+00:00
cnnbrk,A powerful 7.0 magnitude earthquake struck southwest Mexico and has prompted a tsunami threat https://t.co/f1DlB8CDzL,2021-09-08 02:35:54+00:00
cnnbrk,Britney Spears' father has filed a petition to end the singer's 13-year conservatorship in the wake of several high-profile court hearings https://t.co/zEfU46s79U,2021-09-07 23:29:56+00:00
cnnbrk,"Mexico's Supreme Court rules that penalizing abortion is unconstitutional, a major victory for women's health advocates in the majority Roman Catholic nation https://t.co/xjwHD9ALoY",2021-09-07 19:54:48+00:00
cnnbrk,"Bitcoin plunges after El Salvador officially adopts the cryptocurrency as legal tender
https://t.co/yxNW6HqBrc",2021-09-07 17:51:34+00:00
cnnbrk,"Texas Gov. Greg Abbott signs into law a bill with a host of restrictive voting measures, some of which take aim at mail-in ballots
https://t.co/No5Ej173FY",2021-09-07 16:28:33+00:00
cnnbrk,"The Taliban announce an interim Afghan government of hardliners, with a top post going to a militant wanted by the US
https://t.co/Hd8dU0Ib3N",2021-09-07 15:16:58+00:00
cnnbrk,"The Taliban fire into the air to break up one of Kabul's largest street protests since the militant group seized power in Afghanistan last month
https://t.co/GXiSAN6dm8",2021-09-07 13:24:44+00:00
cnnbrk,"Covid-19 cases are four times higher on average this Labor Day than the same time last year, according to Johns Hopkins data
https://t.co/ASqoWDQsMl",2021-09-07 12:47:11+00:00
cnnbrk,"Prominent South Carolina attorney who said he was shot Saturday, months after his wife and son were killed, says he plans to resign from his law firm and begin an unspecified rehabilitation treatment, according to statement obtained by CNN affiliate WCSC
https://t.co/HW2m28eKJb",2021-09-07 04:17:20+00:00
cnnbrk,"The body of a Virginia woman was found in Glacier National Park in Montana days after she was reported missing. The cause of her death is under investigation.
https://t.co/6VAAFTFEqv",2021-09-06 21:19:36+00:00
cnnbrk,"Michael K. Williams, who played Omar Little on ""The Wire,"" was found dead in his New York apartment. He was 54.
https://t.co/P6XPBOWHMk",2021-09-06 21:09:55+00:00
cnnbrk,"Maria Kolesnikova, a prominent Belarusian opposition figure who led protests against the President, was sentenced to 11 years in prison
https://t.co/DLxA7lidAd",2021-09-06 18:26:16+00:00
cnnbrk,"Jean-Paul Belmondo, star of French New Wave cinema who appeared in the 1960 film ""Breathless,"" dies at 88
https://t.co/TPSbHfaMHj",2021-09-06 17:54:37+00:00
cnnbrk,"The US helped facilitate the departure of four American citizens from Afghanistan via an overland route to a third country, a State official says
https://t.co/uvCM8KEEtl",2021-09-06 16:32:52+00:00
cnnbrk,"French soccer star Jean Pierre-Adams, who fell into a 39-year coma following a botched knee operation, dies at 73
https://t.co/kJbLpsOl6T",2021-09-06 15:35:36+00:00
cnnbrk,"Jan Hecker, the German envoy to China and former foreign policy adviser to Chancellor Angela Merkel, dies nearly two weeks after taking over as ambassador
https://t.co/SJt9IYsMoa",2021-09-06 14:58:41+00:00
cnnbrk,"Panjshir resistance leader backs truce with Taliban to end weeks of fighting
https://t.co/hzVGZybOFl",2021-09-06 04:53:10+00:00
cnnbrk,"Health officials in Flat Rock, Michigan, are urging some residents to evacuate because of hazardous benzene fumes after a gasoline leak at a Ford plant
https://t.co/j9mIGpuGt5",2021-09-05 21:59:08+00:00
cnnbrk,"There appears to be no connection between a Florida ex-Marine who allegedly killed four people this morning — including an infant and its mother — and his victims, the sheriff says
https://t.co/fYjx2AydSF",2021-09-05 20:40:15+00:00
cnnbrk,"A self-described ""survivalist"" outfitted in body armor fatally shot four people, including an infant in their mother's arms, outside Lakeland, Florida, early Sunday, authorities say
https://t.co/Oa5hcLBwPw",2021-09-05 18:05:25+00:00
cnnbrk,"Sarah Harding, a star with the British chart-topping band Girls Aloud, dies at 39 after her battle with breast cancer
https://t.co/6rCef39NBX",2021-09-05 16:18:18+00:00
cnnbrk,Suicide attack targets soldiers in Pakistani city of Quetta https://t.co/tdMDKbwXax,2021-09-05 09:13:15+00:00
cnnbrk,"Willard Scott, former longtime weatherman for ""Today,"" has died, according to the NBC show. He was 87.
https://t.co/dR1XMyatzJ",2021-09-04 20:51:45+00:00
cnnbrk,"Five Navy sailors were declared dead after they disappeared following a helicopter crash 60 miles off the coast of San Diego, California
https://t.co/DQiUvNtJXw",2021-09-04 17:33:35+00:00
cnnbrk,"Violence reportedly breaks out as Afghan women braved the Taliban-controlled streets of Kabul on Saturday to demand equal rights 
https://t.co/Rie9iYVmSH",2021-09-04 16:56:36+00:00
cnnbrk,"President Biden will travel to New Jersey and New York next week to survey widespread damage caused by Hurricane Ida, the White House says https://t.co/v0xIAIxT5i",2021-09-04 15:59:10+00:00
cnnbrk,Texas judge temporarily blocks anti-abortion group from suing Planned Parenthood abortion providers under new law https://t.co/aiOhJEw6bX,2021-09-04 03:12:05+00:00
cnnbrk,"David Patten, who helped the New England Patriots clinch three Super Bowls, has died in a motorcycle crash. He was 47.
https://t.co/sX5PGa2x5i",2021-09-03 21:56:38+00:00
cnnbrk,"European countries reimpose bans on US tourists in response to a recent surge in US Covid cases
https://t.co/JfiYs2sL6b",2021-09-03 20:04:50+00:00
cnnbrk,"President Biden orders a declassification review of documents related to the September 11, 2001, terrorist attacks
https://t.co/k9IZHvDF21",2021-09-03 19:13:26+00:00
cnnbrk,"The ""QAnon Shaman,"" Jacob Chansley, who stormed the Capitol in horns, pleads guilty to a felony for obstructing Electoral College proceedings https://t.co/v3bA1n5U1C",2021-09-03 16:48:58+00:00
cnnbrk,"America's jobs recovery hit a major roadblock in August, with only 235,000 jobs added back to the economy https://t.co/u0MrFEBalb",2021-09-03 12:41:54+00:00
cnnbrk,"New Zealand police have shot and killed a man who injured several people at an Auckland mall, authorities say https://t.co/r3r165S0Uw",2021-09-03 04:05:31+00:00
cnnbrk,"Japanese Prime Minister Suga Yoshihide will not run in his party's forthcoming leadership election, effectively giving up the premiership https://t.co/lO1mHjiknc",2021-09-03 03:58:30+00:00
